region_name,date,symptom:Adrenal crisis,symptom:Ageusia,symptom:Allergic conjunctivitis,symptom:Amenorrhea,symptom:Angular cheilitis,symptom:Anosmia,symptom:Aphonia,symptom:Asphyxia,symptom:Atheroma,symptom:Auditory hallucination,symptom:Balance disorder,symptom:Beau's lines,symptom:Bleeding on probing,symptom:Burning Chest Pain,symptom:Burning mouth syndrome,symptom:Cataplexy,symptom:Chancre,symptom:Chorea,symptom:Cleft lip and cleft palate,symptom:Clouding of consciousness,symptom:Crackles,symptom:Crepitus,symptom:Croup,symptom:Cyanosis,symptom:Depersonalization,symptom:Developmental disability,symptom:Dysautonomia,symptom:Dysgeusia,symptom:Dyspareunia,symptom:Dystonia,symptom:Dysuria,symptom:Epiphora,symptom:Esophagitis,symptom:Eye pain,symptom:Facial swelling,symptom:Fecal incontinence,symptom:Fibrocystic breast changes,symptom:Focal seizure,symptom:Gastroparesis,symptom:Gingival recession,symptom:Globus pharyngis,symptom:Goitre,symptom:Grandiosity,symptom:Granuloma,symptom:Heart murmur,symptom:Hemolysis,symptom:Hemoptysis,symptom:Hepatic encephalopathy,symptom:Hepatotoxicity,symptom:Hydrocephalus,symptom:Hypercalcaemia,symptom:Hypercapnia,symptom:Hyperemesis gravidarum,symptom:Hyperlipidemia,symptom:Hypersomnia,symptom:Hyperventilation,symptom:Hypocalcaemia,symptom:Hypochondriasis,symptom:Hypomania,symptom:Impetigo,symptom:Kyphosis,symptom:Laryngitis,symptom:Leukorrhea,symptom:Malabsorption,symptom:Male infertility,symptom:Mitral insufficiency,symptom:Muscle atrophy,symptom:Myoclonus,symptom:Nasal polyp,symptom:Neck mass,symptom:Neutropenia,symptom:Night terror,symptom:Nocturnal enuresis,symptom:Nystagmus,symptom:Onychorrhexis,symptom:Osteopenia,symptom:Osteophyte,symptom:Papule,symptom:Paranoia,symptom:Pericarditis,symptom:Petechia,symptom:Photodermatitis,symptom:Photophobia,symptom:Photopsia,symptom:Polycythemia,symptom:Polydipsia,symptom:Polyuria,symptom:Ptosis,symptom:Pulmonary edema,symptom:Rectal pain,symptom:Rectal prolapse,symptom:Renal colic,symptom:Rheum,symptom:Round ligament pain,symptom:Rumination,symptom:Sensitivity to sound,symptom:Shallow breathing,symptom:Spasticity,symptom:Splenomegaly,symptom:Sputum,symptom:Stomach rumble,symptom:Stridor,symptom:Subdural hematoma,symptom:Tachypnea,symptom:Tenderness,symptom:Thyroid nodule,symptom:Trichoptilosis,symptom:Upper respiratory tract infection,symptom:Urethritis,symptom:Urinary urgency,symptom:Vasculitis,symptom:Ventricular fibrillation,symptom:Viral pneumonia,symptom:Yawn,hospitalized_new
Alaska,2020-03-09,10.6,,11.61,12.79,,7.07,7.91,13.8,13.97,,15.99,13.29,9.42,,11.11,13.29,18.51,8.92,14.13,,,,34.33,8.58,,,9.76,8.25,9.26,13.13,14.13,7.57,12.45,10.6,,11.78,12.79,9.93,13.8,12.12,10.6,10.94,13.63,12.12,12.12,,8.08,8.41,9.42,7.07,11.44,,8.58,11.78,9.76,11.11,9.26,18.68,7.91,17.84,15.31,12.45,12.45,11.95,10.94,7.07,10.1,7.07,9.42,10.43,18.01,8.75,12.96,12.45,11.61,11.44,13.46,12.45,12.12,,18.34,,9.42,10.6,11.61,,9.09,11.11,7.57,7.07,12.28,14.47,13.46,12.28,8.58,10.27,8.08,,11.95,22.72,,13.97,24.06,10.43,12.96,11.11,13.97,46.95,10.27,,9.26,,18.85,10.77,0.0
Alaska,2020-03-16,11.69,,6.39,,,15.59,7.95,11.07,11.85,,9.82,9.97,10.75,9.51,8.42,9.2,18.08,9.51,9.35,,8.57,,48.0,10.29,7.64,12.16,8.73,8.88,13.09,9.35,12.16,7.17,10.75,10.13,7.17,10.13,7.64,10.44,12.0,,12.31,9.66,9.04,12.31,10.91,8.1,9.2,,9.35,11.07,8.88,,6.39,8.73,,8.88,8.1,22.29,11.22,15.27,10.75,15.9,14.49,7.01,7.79,7.64,12.0,,9.2,,10.44,,10.13,6.23,12.0,,7.01,8.26,10.13,7.64,,,7.64,12.47,10.6,,7.48,,9.04,7.33,11.07,12.0,11.22,11.53,11.85,,10.91,7.95,8.88,28.68,9.82,12.94,8.88,9.2,11.22,14.49,9.04,78.71,12.0,,11.53,,24.94,14.34,0.0
Alaska,2020-03-23,11.15,16.57,,9.53,,45.17,,9.39,11.44,6.45,9.97,11.15,9.68,14.08,8.65,11.44,14.67,15.99,10.85,,8.36,,36.96,8.8,,9.09,7.19,15.99,7.77,11.15,12.47,14.96,7.77,14.08,8.36,9.09,11.0,5.87,6.31,5.87,13.35,10.12,12.47,13.2,11.73,15.55,7.63,,7.04,13.35,6.45,7.77,8.65,6.75,,12.17,8.21,18.77,10.71,13.93,9.68,7.04,8.8,11.15,5.87,6.75,8.8,,7.33,12.91,8.65,7.04,8.51,6.89,10.85,7.33,11.73,13.2,12.47,13.79,14.67,,9.53,10.12,9.97,,9.09,7.63,8.21,6.31,10.41,12.32,11.0,12.32,11.44,11.15,9.24,9.53,11.59,29.62,7.33,10.85,9.97,11.88,10.41,7.63,8.36,37.54,8.8,,6.75,7.04,13.79,15.69,0.0
Alaska,2020-03-30,8.96,8.96,7.11,8.53,,19.05,,11.94,7.54,6.54,10.95,12.51,8.11,8.53,10.24,12.37,17.35,11.66,9.95,6.68,,,25.17,10.95,9.81,7.39,,13.79,7.25,,8.96,7.82,10.95,17.2,6.97,11.8,8.39,6.11,5.83,8.82,12.37,7.39,10.24,8.82,8.82,7.82,7.96,9.1,10.66,,6.83,10.1,7.82,11.09,8.11,16.21,9.81,17.35,12.94,12.09,10.66,,9.95,12.8,11.38,6.68,9.1,5.69,8.67,6.11,7.96,7.39,13.08,8.82,10.24,7.68,,11.94,14.79,10.1,15.07,,8.53,10.24,8.39,8.11,,6.83,10.38,,9.81,12.09,,12.65,9.1,7.39,10.81,,7.82,24.32,6.4,12.51,6.97,12.94,9.95,9.38,14.79,24.46,9.81,7.96,7.54,7.11,8.82,17.63,6.0
Alaska,2020-04-06,10.08,7.35,,10.8,7.06,6.77,,9.65,11.52,,10.8,9.65,13.11,7.2,9.22,,13.83,15.85,10.08,,7.2,,15.99,12.53,7.06,8.07,,11.38,8.07,9.07,12.82,,14.55,12.82,5.91,10.8,6.77,8.36,11.96,6.34,12.1,11.38,12.1,9.65,17.43,8.79,6.48,7.2,10.52,9.36,7.92,9.51,7.49,7.63,9.22,11.81,9.65,8.79,12.53,11.52,12.53,5.76,12.24,9.79,7.49,,7.92,,9.51,7.2,7.06,8.79,9.22,9.51,5.76,9.51,7.35,6.48,9.94,8.93,9.65,,9.51,13.97,12.68,6.19,5.76,9.94,9.36,10.37,10.52,10.66,8.21,11.52,9.07,7.49,7.06,7.2,10.08,17.0,10.23,,8.5,9.65,9.22,8.64,13.83,16.28,10.08,,11.09,,9.07,14.12,14.0
Alaska,2020-04-13,6.24,,,7.94,6.52,10.64,,10.5,8.65,9.5,8.79,11.77,9.22,7.8,11.21,9.64,16.74,10.78,9.36,8.94,7.23,7.94,14.32,9.5,13.9,8.23,,7.8,10.78,11.49,9.64,,8.37,11.77,10.21,9.93,7.38,10.35,10.21,11.77,9.08,13.19,11.91,13.62,8.37,8.94,7.38,6.24,8.79,8.51,6.67,7.09,11.77,8.09,11.21,11.63,10.5,10.07,12.34,11.77,6.24,,10.21,12.06,9.5,,8.65,7.8,,8.79,8.37,8.51,10.78,11.35,12.48,8.51,8.51,6.81,15.18,9.79,9.93,,,14.75,6.81,,10.35,10.5,12.34,,13.47,12.91,7.94,13.9,7.38,9.93,6.81,9.36,10.78,18.01,6.38,,7.38,8.23,11.21,14.32,12.91,15.74,8.37,,7.52,,,18.01,11.0
Alaska,2020-04-20,7.4,,6.24,11.9,,,,9.14,13.06,9.87,11.9,10.89,9.58,7.69,9.87,7.69,12.63,8.71,13.06,5.95,6.39,11.03,10.74,9.43,9.43,10.16,,6.53,13.64,14.22,11.03,8.13,6.1,16.84,9.43,15.24,9.58,8.13,9.43,10.6,11.03,9.29,14.8,7.55,12.19,8.42,,,6.82,,7.84,5.81,11.76,8.56,6.97,14.95,12.19,10.74,11.32,16.98,12.77,,10.02,12.63,11.76,6.39,14.51,,9.72,8.85,10.6,10.6,12.19,11.61,10.89,10.6,7.55,12.92,14.22,13.79,11.9,,,5.81,10.02,,10.74,6.1,,,15.1,11.47,8.56,14.8,9.0,11.32,,6.82,10.02,13.5,8.42,10.6,,9.43,15.1,10.02,9.87,11.9,10.16,,7.55,9.0,,16.11,5.0
Alaska,2020-04-27,8.94,5.96,,10.43,,8.34,,15.35,7.75,9.98,15.35,9.09,12.96,,12.66,9.68,18.03,9.24,12.66,6.26,6.26,7.45,12.22,6.7,9.24,10.58,6.41,8.34,8.79,12.51,12.66,7.9,6.55,11.32,14.3,9.98,5.96,13.11,7.9,10.73,9.53,8.79,12.51,7.45,12.22,7.9,7.0,8.04,6.85,9.68,,10.43,10.58,5.96,9.68,8.64,12.07,8.34,10.43,10.43,11.47,,10.13,14.9,10.73,7.75,10.88,12.96,13.56,6.85,8.34,11.32,11.32,12.22,8.49,10.13,11.62,11.77,10.43,11.17,9.38,18.18,12.81,12.07,8.64,7.15,12.81,7.6,,6.11,10.13,9.98,7.6,13.56,8.94,7.6,,6.85,13.86,15.05,7.45,7.3,7.75,10.43,12.22,14.9,12.07,8.79,11.17,7.0,12.81,9.83,,13.86,-36.0
Alaska,2020-05-04,10.22,,7.52,10.38,,7.67,,13.08,6.92,,13.08,9.47,13.23,10.68,10.07,7.82,9.93,9.02,12.48,8.42,,8.12,7.22,7.82,7.07,7.52,8.57,6.62,9.02,11.73,12.63,9.62,9.77,12.03,10.98,12.03,8.72,7.82,9.02,10.53,9.02,11.43,12.78,12.93,10.22,,,7.67,7.82,8.72,,14.74,9.77,7.52,6.32,8.42,8.72,,12.93,13.98,10.68,,13.08,11.28,11.43,6.01,11.88,8.27,7.07,9.02,6.17,7.67,9.62,8.87,11.73,10.22,10.53,13.23,9.77,7.52,14.29,25.11,8.72,11.73,7.97,,10.83,7.07,6.17,10.83,13.83,13.23,8.27,11.88,7.97,10.83,,13.83,8.87,9.32,7.22,8.57,8.27,8.27,8.42,11.88,16.69,10.38,13.08,,13.53,10.53,,16.09,0.0
Alaska,2020-05-11,8.07,,27.41,9.29,,,,14.01,8.38,7.31,6.24,13.1,9.75,,10.51,7.0,18.43,9.29,14.16,,7.31,8.98,,7.0,8.98,11.12,,6.4,11.12,11.57,10.66,14.31,9.75,11.42,11.72,12.18,6.7,8.07,6.7,7.16,9.9,13.71,16.9,11.72,13.86,,,,7.0,8.53,8.83,10.36,7.77,8.38,6.7,12.94,10.81,9.29,15.53,16.6,10.66,,11.57,11.88,9.9,7.92,8.07,,6.85,,6.85,,10.96,7.0,8.53,11.12,13.86,9.75,11.42,7.92,15.08,23.3,7.0,13.71,22.84,,11.88,9.9,,,9.9,12.79,9.14,12.64,7.77,9.75,6.09,9.44,8.83,10.51,7.0,,8.98,8.68,10.05,10.81,12.94,9.59,9.14,,15.84,7.92,,13.86,0.0
Alaska,2020-05-18,9.54,,18.78,9.54,9.08,8.93,,8.16,8.31,,7.85,12.93,10.16,6.93,7.54,9.08,17.7,8.62,7.08,7.39,,,,7.08,8.16,9.23,,,,13.54,11.54,9.7,9.39,9.54,10.31,11.08,8.46,12.31,6.93,6.62,,12.47,13.54,11.24,,,,9.39,10.01,12.01,8.62,13.54,8.16,6.16,,11.24,12.01,12.47,9.08,10.93,9.54,,11.08,10.16,10.62,,6.46,7.08,,9.08,9.39,8.31,10.77,10.77,,14.01,13.7,14.93,14.01,9.54,11.24,13.08,7.08,12.93,10.62,,,8.0,8.46,6.31,12.47,14.01,12.31,11.7,,8.62,,8.16,9.23,12.16,9.39,6.77,11.24,,8.31,10.16,10.47,7.08,9.85,,13.85,8.62,,13.24,0.0
Alaska,2020-05-25,8.23,,9.47,8.07,,,,21.73,7.92,6.21,12.57,11.95,9.31,,9.47,6.67,16.61,12.11,10.71,,,,6.21,10.24,12.26,6.99,,,,13.66,8.07,8.07,8.54,11.49,14.12,11.49,10.24,8.85,6.21,8.54,,11.02,10.24,7.61,6.83,6.99,7.45,7.45,8.23,11.33,11.18,8.54,7.61,6.36,6.83,11.64,12.11,9.0,,11.64,9.31,,16.76,10.87,10.09,6.67,8.07,,8.07,7.92,10.24,6.99,13.35,,9.31,,8.85,13.35,12.88,7.45,19.4,14.9,9.78,11.64,,,8.54,9.31,,6.36,12.42,12.73,9.16,17.07,9.93,10.09,,8.07,,8.85,,6.52,9.0,6.99,10.55,8.38,9.16,7.14,8.38,6.67,11.33,6.36,,12.11,0.0
Alaska,2020-06-01,8.4,,8.25,,11.05,,,78.89,7.78,6.22,8.4,11.05,8.09,,8.56,8.87,16.34,,9.96,12.6,,8.71,6.22,,,11.98,,8.56,8.56,15.56,8.25,,8.87,16.03,8.56,10.89,7.47,6.69,10.11,10.58,7.31,12.45,13.38,13.07,13.69,7.0,6.54,8.71,9.18,11.98,10.74,10.58,12.45,8.71,6.69,8.4,12.91,9.8,11.36,17.12,8.87,,13.38,10.58,,6.69,12.91,6.85,6.38,15.09,6.54,9.18,11.83,10.27,6.54,14.63,14.0,13.85,7.16,,6.22,9.65,6.22,13.07,12.76,,7.31,9.65,,,15.4,11.2,11.36,15.87,6.54,8.4,6.38,,12.6,8.87,8.25,,9.8,9.49,10.58,19.92,8.71,7.47,9.34,,10.11,,,12.91,0.0
Alaska,2020-06-08,11.67,,,9.49,9.8,7.31,,9.33,,9.64,6.38,9.64,11.98,,11.36,7.47,24.43,6.38,11.67,7.16,,7.0,11.2,7.47,13.69,11.67,10.73,8.71,9.18,11.36,13.54,7.47,11.51,12.76,11.98,9.33,6.84,11.51,11.05,11.51,7.0,10.89,12.76,9.96,11.36,6.53,7.47,7.0,,8.87,10.11,7.78,11.98,6.69,,15.09,11.67,9.8,8.24,13.38,11.98,,13.07,10.58,9.18,6.84,10.11,9.02,,11.98,9.64,8.09,11.2,12.76,7.31,,15.4,10.11,6.84,7.16,10.89,12.91,9.18,11.36,8.24,,10.27,11.36,6.53,8.24,15.25,11.82,7.93,13.54,8.87,9.49,,7.78,7.47,11.05,6.53,,11.98,10.27,14.94,14.16,11.2,7.78,12.6,6.69,9.02,9.18,,8.71,0.0
Alaska,2020-06-15,13.75,,,10.35,6.8,6.64,,11.12,,7.88,8.96,11.12,13.75,,11.28,9.58,17.45,8.65,8.96,11.89,,,9.73,,8.65,11.28,,,8.96,12.82,8.34,,11.89,11.58,14.83,14.52,7.72,11.28,13.9,15.91,8.03,11.28,11.58,7.41,14.52,,,8.03,7.72,9.27,10.97,7.26,12.36,11.89,8.8,11.28,19.46,7.57,14.05,13.9,11.28,,10.81,,8.96,16.53,11.58,6.18,8.19,12.36,16.37,7.41,6.49,11.89,9.11,13.9,15.29,14.83,13.44,8.03,12.82,16.84,10.35,12.05,10.19,,6.95,8.96,,,12.2,15.75,,12.66,9.11,10.19,,7.11,10.81,11.28,6.8,,9.58,,14.21,11.12,9.42,10.5,10.35,6.49,12.2,6.95,,14.83,0.0
Alaska,2020-06-22,11.89,,6.95,9.11,7.11,9.11,7.41,9.73,,7.88,9.27,7.88,11.28,,8.65,10.19,13.9,9.58,9.42,6.95,6.64,,9.73,8.65,6.49,11.74,,9.88,6.95,9.27,14.06,8.19,10.35,10.35,10.97,14.98,9.88,9.73,10.35,18.69,7.41,12.36,10.81,12.2,14.98,9.42,7.11,6.64,9.73,8.34,6.8,12.67,9.11,15.29,,8.49,10.35,,11.43,13.59,12.82,,13.59,11.74,15.6,14.37,8.96,,6.95,10.19,6.33,8.8,9.73,7.11,7.88,13.44,14.98,13.59,8.65,14.21,10.19,10.97,7.57,14.52,10.81,,9.27,10.5,,,12.05,13.44,16.06,13.75,10.5,10.81,,13.44,10.66,11.58,6.33,,10.19,8.03,11.43,12.97,9.11,6.64,18.07,,9.88,6.49,,13.59,0.0
Alaska,2020-06-29,20.12,7.89,10.14,10.14,,8.37,,9.34,,7.73,10.14,10.95,9.5,,10.79,6.44,14.33,10.46,11.59,,,9.66,9.82,12.72,9.82,11.27,6.44,7.73,7.25,10.14,12.24,7.57,9.66,11.27,11.43,11.11,9.02,8.37,10.79,12.72,8.69,10.79,9.5,9.18,18.03,,,8.86,6.6,14.97,10.63,7.57,13.04,8.37,12.24,11.59,11.91,11.11,12.56,15.29,15.78,,15.94,10.46,9.98,9.18,10.63,7.08,6.92,12.07,7.57,,13.69,10.95,8.69,9.18,15.78,12.72,14.33,8.69,11.11,20.77,9.82,13.36,10.63,,8.37,12.88,,,12.72,14.49,11.59,13.52,6.92,11.27,,7.89,8.69,13.69,,6.44,10.3,9.66,11.75,9.18,10.63,,11.91,,,11.91,,16.1,0.0
Alaska,2020-07-06,10.85,7.53,,16.27,,11.45,,18.83,8.13,7.83,11.9,10.24,11.6,,11.15,,20.19,,11.0,9.49,,9.34,,16.42,9.49,9.04,,8.29,12.65,13.11,8.59,6.33,8.74,14.16,9.79,,7.68,7.08,8.44,11.75,,15.37,10.85,10.54,17.17,6.18,,8.59,10.85,7.83,8.29,11.6,12.35,11.45,,8.29,14.46,15.67,12.35,15.21,10.24,,14.01,12.35,10.54,6.48,10.24,6.78,7.68,14.91,7.98,9.64,11.0,10.39,7.08,17.93,14.76,9.34,12.96,10.39,12.96,10.54,6.33,15.37,13.11,,11.0,8.74,6.18,8.89,11.6,13.56,9.34,14.31,6.93,18.98,6.33,8.29,11.15,11.9,6.18,,9.64,6.63,9.49,11.0,10.09,11.45,13.86,8.74,8.59,7.68,6.48,19.73,0.0
Alaska,2020-07-13,8.94,12.28,,13.19,6.52,19.85,7.43,10.76,11.97,6.52,11.67,10.0,9.7,,13.79,9.7,17.88,7.28,10.76,10.46,,10.76,9.4,,6.37,9.24,7.73,12.58,7.43,16.37,11.82,11.97,9.24,15.16,11.82,9.55,10.0,8.18,12.88,8.94,11.97,12.88,11.37,10.76,11.52,,6.37,8.94,10.76,9.4,6.82,,9.55,9.4,7.12,11.06,7.73,13.19,6.97,13.03,12.43,,15.46,12.73,10.31,6.67,9.4,6.97,8.64,10.0,12.88,11.37,12.28,9.4,6.52,16.07,18.79,14.25,11.97,7.43,13.19,9.24,8.03,14.7,12.12,,8.03,10.46,6.21,8.03,14.7,9.4,6.82,14.85,6.52,12.12,,10.76,10.91,11.21,,7.58,9.09,7.88,12.28,12.43,13.94,8.34,10.91,6.97,11.52,7.28,,12.28,0.0
Alaska,2020-07-20,9.49,9.49,9.04,10.24,,12.95,,13.85,6.02,6.63,9.79,7.98,10.54,6.93,11.74,8.58,12.95,10.09,9.94,8.58,,6.93,12.65,13.85,10.24,9.94,6.78,10.54,7.23,11.74,11.14,,13.85,11.14,10.24,10.09,10.54,10.54,10.09,8.58,9.19,16.11,12.8,11.29,15.06,,,8.13,6.63,7.83,8.13,8.58,9.49,11.44,7.68,10.84,9.04,14.15,15.66,15.36,12.5,,10.69,10.09,13.55,11.29,11.29,,10.99,7.83,9.79,10.24,14.3,13.4,7.38,13.25,11.44,14.76,20.48,8.43,11.6,,8.28,9.64,9.94,,9.49,13.4,8.43,6.78,17.17,13.4,8.43,12.95,7.53,9.49,,8.28,,9.04,6.02,,12.5,9.04,8.88,16.56,14.46,13.85,11.9,,16.11,7.08,,13.1,0.0
Alaska,2020-07-27,9.17,13.84,,10.68,,14.44,,14.29,8.87,7.82,8.87,8.12,10.38,8.42,9.93,11.13,100.0,,13.23,8.27,7.52,9.77,6.92,10.23,10.68,12.48,7.07,12.78,8.87,11.13,11.58,7.82,9.62,13.98,10.68,11.88,10.07,9.32,6.92,11.73,8.42,12.48,13.84,12.48,15.49,7.97,6.92,10.23,8.57,9.32,9.47,7.67,6.32,14.59,7.97,,12.93,10.53,12.33,12.48,6.32,,12.63,11.28,11.58,10.53,9.32,9.32,6.77,12.63,7.22,7.37,15.79,10.53,9.62,14.44,17.74,13.08,18.8,10.98,11.58,,7.52,10.38,6.17,6.62,,9.02,6.62,7.22,12.03,9.32,,15.94,7.37,10.38,,,12.03,13.38,7.67,,12.33,7.22,10.68,13.38,9.32,8.87,12.48,,14.13,,,14.59,0.0
Alaska,2020-08-03,10.81,10.96,9.76,9.76,,9.61,,12.31,6.16,8.41,10.36,10.21,9.46,,12.61,6.16,34.09,7.51,8.86,15.17,6.76,8.56,10.06,10.21,10.36,12.01,7.81,9.61,15.32,13.66,13.66,6.61,9.01,10.36,7.51,13.21,7.36,12.46,11.86,14.12,10.36,14.27,11.56,11.86,16.82,,7.96,8.56,11.11,15.17,9.31,6.76,15.32,12.16,9.31,8.86,8.11,12.01,14.12,16.67,15.92,,14.27,12.46,12.91,12.31,8.86,8.71,7.51,12.91,10.66,9.01,12.31,9.16,7.81,14.27,14.57,11.41,13.81,7.96,10.06,,8.56,15.77,9.46,,9.76,7.81,,6.01,12.91,22.82,8.11,14.57,11.11,,,9.16,10.66,7.36,9.61,,9.01,8.41,11.11,9.61,9.76,,11.41,7.81,9.91,8.86,,13.36,0.0
Alaska,2020-08-10,11.52,9.98,,13.21,8.75,9.37,,13.82,6.76,7.22,12.75,10.75,15.05,,9.98,6.45,20.58,7.22,11.67,,,8.6,,,11.06,6.14,11.37,8.91,9.83,14.13,14.59,7.99,14.13,10.6,9.52,12.13,15.2,11.21,16.28,13.36,6.76,13.36,12.13,13.82,13.36,6.45,8.14,,7.83,9.68,9.68,,11.67,10.9,9.21,11.06,7.22,7.53,15.51,13.82,9.37,,17.05,11.06,8.6,8.14,,,,13.36,10.44,7.22,14.74,9.06,,15.66,10.14,13.21,12.13,10.14,9.83,,8.75,12.9,6.14,,8.29,10.6,,,11.06,13.98,,13.21,11.37,10.9,,11.52,11.06,10.6,6.3,,8.14,,11.83,16.59,10.14,6.3,12.59,,8.14,7.22,,10.9,0.0
Alaska,2020-08-17,8.19,,,9.23,,11.02,,9.97,9.53,7.89,9.38,9.82,8.34,,10.57,8.04,21.44,10.27,11.91,9.68,10.12,7.89,8.04,6.7,8.93,10.72,7.59,9.23,7.44,13.7,10.27,7.29,8.78,11.46,10.27,11.76,,9.38,13.99,9.68,7.0,14.29,16.97,10.87,12.51,6.55,,8.48,13.85,,8.19,6.55,13.1,,11.91,10.27,7.89,,14.59,13.99,,,9.82,13.1,8.19,8.19,15.04,,6.85,12.95,7.0,9.23,9.97,13.99,9.82,8.63,12.95,14.29,11.91,,9.38,,6.7,11.16,11.02,5.96,9.23,,,,11.31,11.46,7.15,9.23,9.38,8.04,,7.59,6.1,8.93,,5.96,11.61,8.78,12.65,13.99,9.23,6.4,12.06,,9.97,6.55,,14.44,0.0
Alaska,2020-08-24,6.21,9.38,,12.41,,12.12,,9.09,7.94,,11.69,10.39,7.94,7.65,15.3,9.53,16.02,14.29,11.55,7.51,,6.93,9.53,9.67,7.94,,6.93,7.94,10.25,14.43,11.98,9.09,9.67,6.93,9.38,12.56,9.24,7.51,12.99,8.52,6.78,12.99,13.28,7.51,12.12,,6.21,6.21,8.37,,10.25,6.78,12.85,10.1,6.93,12.27,6.78,5.77,13.28,12.85,13.57,,16.45,9.81,10.1,6.06,11.69,8.37,8.66,12.12,11.11,9.38,11.26,9.53,7.22,12.41,13.71,10.68,12.99,,12.27,,6.78,16.17,10.1,,11.55,12.12,5.77,,7.22,12.27,6.5,13.42,10.54,9.81,9.24,10.25,7.94,12.85,9.38,7.36,,8.37,9.67,12.27,8.08,8.95,13.71,,9.24,8.37,,10.68,0.0
Alaska,2020-08-31,13.35,6.97,,11.12,,7.12,6.82,13.64,11.71,6.08,11.86,9.04,8.45,6.23,11.86,7.27,18.39,13.64,9.64,10.97,,9.19,9.64,7.71,11.12,10.23,8.45,11.56,9.04,16.61,9.04,6.38,10.08,10.23,8.45,13.94,8.75,9.64,10.68,16.46,7.71,9.49,16.16,8.75,13.79,,7.71,6.52,8.6,12.31,9.34,,11.71,10.97,9.79,9.49,13.35,10.82,14.53,17.35,12.9,,11.86,8.75,12.6,9.34,12.46,6.82,7.71,9.49,11.12,8.45,9.04,12.6,7.12,14.53,13.35,12.6,14.09,10.23,8.6,,11.86,13.79,13.49,6.82,11.56,11.27,,6.08,15.27,12.31,8.15,12.75,11.86,13.35,8.01,7.12,12.31,15.57,7.12,,13.2,9.79,9.79,12.9,8.6,6.82,13.79,6.67,14.38,,6.97,13.35,0.0
Alaska,2020-09-07,8.24,10.34,,10.34,,10.04,,12.44,10.79,7.79,15.14,6.29,13.49,,14.09,8.69,19.19,11.24,19.04,,7.49,8.09,9.59,8.39,13.04,9.74,7.94,12.29,12.29,12.89,15.14,,7.49,11.54,12.59,15.59,9.14,6.89,6.89,11.24,7.94,11.99,14.84,11.99,13.19,7.34,7.04,7.04,7.34,11.39,,7.64,9.29,13.49,10.04,10.64,11.54,8.84,10.79,18.74,10.49,,13.49,11.99,13.34,6.59,8.99,,8.09,10.79,13.04,7.94,11.84,,6.29,10.79,17.39,11.84,12.59,9.89,9.59,,8.54,15.89,11.24,,9.59,8.69,6.14,8.39,10.94,13.64,9.44,15.59,,11.69,,8.39,11.69,12.59,9.29,6.89,7.2,6.89,11.24,10.34,8.99,9.44,9.74,8.84,9.44,10.64,,10.19,0.0
Alaska,2020-09-14,11.9,8.67,,10.14,6.32,9.4,,19.54,12.63,10.72,12.19,10.43,9.84,,11.16,9.55,14.69,12.63,12.93,9.25,6.17,8.37,7.64,8.67,10.28,11.46,9.11,11.31,7.05,14.98,10.43,9.7,12.05,10.43,9.7,14.98,7.93,9.7,9.99,10.87,10.87,10.72,17.33,17.33,14.4,9.99,6.61,,10.14,11.46,8.67,6.17,8.81,8.52,6.61,9.99,12.63,9.4,20.86,17.63,16.16,6.76,13.51,7.93,14.98,9.4,11.75,7.49,8.96,12.93,13.37,11.31,10.43,9.11,9.11,17.48,12.34,10.72,11.9,10.28,8.96,,8.67,16.6,12.34,,9.4,9.25,6.76,8.08,12.05,12.78,5.88,14.69,10.28,9.11,,9.7,11.46,10.58,,11.02,8.96,8.67,10.72,14.4,13.51,7.05,14.98,6.32,13.81,8.67,,10.87,0.0
Alaska,2020-09-21,6.27,10.79,6.42,11.23,,13.13,,15.75,12.4,5.98,11.81,8.75,10.79,11.52,10.94,10.65,15.17,9.04,16.63,,,9.63,8.31,11.23,8.17,13.27,9.48,12.4,10.06,16.19,9.77,,11.38,16.77,8.9,13.57,10.65,10.21,10.79,9.19,7.44,12.54,15.17,11.38,15.9,7.73,,9.92,9.63,9.92,8.31,7.15,13.13,9.48,9.48,10.36,10.36,10.65,18.96,14.15,12.98,6.71,14.73,15.75,12.69,7.29,12.4,,7.44,10.94,9.48,9.34,9.34,10.79,,15.32,13.57,13.86,12.84,12.4,12.98,,13.71,15.9,12.25,8.17,10.06,8.75,5.98,,12.54,12.11,8.61,14.59,11.38,8.46,,7.15,9.19,10.65,9.19,9.04,8.31,6.86,11.67,12.69,,10.94,14.0,6.71,11.81,7.73,,14.15,0.0
Alaska,2020-09-28,26.59,11.56,,13.58,,17.92,,,14.16,8.09,13.87,7.37,11.13,8.96,13.01,8.24,20.23,11.27,13.44,11.27,,6.5,13.87,11.56,10.26,10.84,10.4,14.74,9.39,18.64,15.61,,11.41,13.44,9.1,13.73,9.68,11.13,9.97,11.13,9.25,12.28,14.3,11.7,17.92,6.79,6.5,6.94,9.54,8.67,9.97,8.53,13.15,9.54,7.51,6.36,9.68,10.84,13.73,19.51,13.73,,14.3,12.28,10.4,7.37,10.4,,9.1,9.25,11.99,11.7,13.73,7.37,9.1,14.3,15.61,11.13,13.73,,10.4,,5.92,12.14,12.86,7.22,10.69,13.73,7.66,6.21,12.86,14.02,8.24,13.01,8.81,9.97,,9.1,8.38,14.45,10.98,8.09,7.66,11.7,11.56,14.02,14.3,13.29,10.69,,10.84,9.39,,17.63,0.0
Montana,2020-03-09,15.44,5.07,9.77,11.46,8.68,8.44,13.99,12.42,15.8,7.6,18.45,14.47,,8.32,,21.11,,22.55,20.14,8.8,12.9,11.58,,10.25,11.46,,12.06,13.15,7.96,,,12.06,15.08,,12.9,,13.99,11.82,16.52,16.52,10.73,,,,,10.25,16.16,10.01,15.2,8.68,13.03,8.08,12.66,,10.49,13.87,,22.43,16.28,,,20.62,,,10.98,13.03,11.46,,11.82,13.27,15.44,14.59,19.3,11.58,16.04,,,14.23,,13.15,13.51,,14.96,,,8.08,8.56,10.49,13.51,9.89,17.73,,16.04,,12.18,12.54,11.82,10.98,,,10.73,14.59,25.57,13.99,11.82,,10.98,,,7.12,,8.56,32.2,,0.0
Montana,2020-03-16,15.85,9.86,8.99,10.98,6.74,18.73,13.23,12.98,9.36,6.12,15.11,16.73,,11.11,,13.11,,21.1,16.35,7.87,13.61,7.62,,15.6,11.23,,8.49,11.61,10.74,,,10.74,6.99,,9.36,,9.99,12.61,15.48,10.98,14.98,,,,,10.11,16.73,10.36,14.36,14.48,17.23,7.74,12.36,,7.99,13.86,,27.84,11.61,,,20.47,,,8.49,11.98,19.35,,10.11,15.73,22.34,9.61,14.98,16.6,14.23,,,11.61,,10.86,12.48,,9.61,,,6.24,11.73,7.87,12.98,,13.11,,8.74,,9.74,15.73,18.85,7.74,,,6.74,17.1,9.36,14.23,11.98,,9.49,,,9.86,,,35.33,,0.0
Montana,2020-03-23,11.73,26.59,5.8,10.8,,64.2,8.71,16.83,12.31,9.06,15.67,14.05,,12.19,,15.79,,24.26,14.4,5.57,16.83,9.29,,13.0,8.36,,8.82,22.87,10.33,,,14.51,12.89,,12.54,,8.36,10.33,10.45,12.54,16.83,,,,,26.59,14.74,11.49,9.17,14.86,13.35,8.82,15.09,,7.78,15.67,,21.48,10.68,,,12.77,,,13.93,13.35,18.81,8.47,9.75,14.51,18.34,13.0,12.65,12.07,15.79,,,11.73,,13.0,8.47,,11.49,,,5.11,11.61,7.55,15.21,6.62,11.61,,12.54,,12.07,15.21,15.67,7.78,,,8.94,13.7,10.33,17.65,14.98,,12.54,,,6.38,,6.85,22.17,,0.0
Montana,2020-03-30,14.68,15.47,8.92,13.32,6.89,37.94,5.87,16.71,11.18,12.53,15.36,17.61,,11.52,,12.31,,18.07,14.79,7.45,12.2,8.24,,9.71,10.16,,8.13,18.97,11.07,,,11.29,15.24,,11.18,,11.86,14.45,11.86,14.0,15.7,,,,,10.95,14.0,11.63,13.1,8.92,16.82,9.94,12.08,,7.23,17.05,,21.45,15.36,,,9.71,,,11.29,10.95,15.36,9.15,8.13,13.32,18.74,10.84,18.74,17.61,17.05,,,9.26,,11.52,13.55,,7.57,,,8.58,13.44,11.86,14.45,7.34,14.12,,15.47,,8.7,8.81,12.08,7.45,,,10.73,11.29,15.02,12.53,17.84,,14.68,,,,,8.13,18.97,,8.0
Montana,2020-04-06,11.28,10.47,4.77,15.59,7.21,20.7,5.82,12.91,13.14,8.96,13.26,17.21,,9.3,,11.52,,31.64,15.93,8.03,9.65,10.58,,10.93,9.89,,8.49,18.96,12.79,,,10.82,9.19,,13.38,,10.82,18.26,14.19,14.65,14.19,,,,,9.89,13.14,6.86,12.68,16.28,14.31,11.17,12.45,,10.0,16.28,,17.1,19.19,,,11.52,,,10.12,11.86,12.79,9.77,6.16,10.58,19.19,15.12,16.28,11.63,16.52,,,13.14,,13.03,12.56,6.98,6.98,,,7.21,12.1,10.58,10.82,7.33,15.0,,13.14,,10.47,9.19,7.79,8.84,,,13.84,7.68,11.17,12.33,14.77,,16.86,,,7.91,,6.75,12.79,,16.0
Montana,2020-04-13,14.33,11.73,6.43,14.1,5.08,16.58,5.64,10.72,15.23,10.49,21.21,20.53,,6.54,,14.1,,24.82,14.55,7.22,8.46,13.09,,12.52,13.54,,10.94,15.34,12.41,,,9.36,11.84,,13.2,,10.04,14.78,15.45,12.3,13.76,,,,,13.2,13.99,9.47,14.21,16.02,14.1,10.72,12.18,,9.25,16.24,,12.07,17.6,,,8.91,,,10.27,14.33,20.42,8.35,12.86,12.75,16.7,13.88,15.9,15.45,17.37,,,16.58,,12.63,16.7,6.54,12.18,,,10.38,15.57,10.6,14.89,10.6,13.31,,9.36,,13.54,13.2,6.77,12.07,,,9.02,11.84,12.63,10.83,13.42,,18.27,,,5.98,,7.9,9.93,,23.0
Montana,2020-04-20,16.0,9.7,6.78,16.24,8.76,14.49,,17.64,13.79,8.99,15.42,22.2,,8.88,,11.92,,15.65,17.29,9.93,7.59,7.13,,13.2,11.33,,8.53,16.0,11.68,,,5.61,14.6,,14.02,,12.27,13.79,13.79,15.3,12.62,,,,,9.93,11.45,9.11,13.08,12.97,16.36,14.49,14.95,,8.64,14.49,,14.84,16.94,,,8.29,,,10.63,15.19,14.6,,10.16,14.37,15.07,11.45,17.17,14.37,19.63,,,15.54,,13.55,14.02,12.62,10.51,,,7.59,14.25,10.51,10.98,8.88,14.37,,12.03,,13.9,12.97,8.06,9.7,,,11.92,8.99,13.67,11.21,14.6,,14.84,,,9.46,,9.7,8.29,,8.0
Montana,2020-04-27,14.02,9.86,12.0,13.19,8.55,12.12,5.11,15.8,11.29,12.47,12.95,18.77,,10.34,,18.42,,21.5,19.13,12.24,8.55,12.47,,,12.83,,7.37,13.54,14.73,,,11.05,10.69,,13.54,,9.86,13.43,16.04,17.58,12.12,,,,,8.67,8.67,9.15,15.09,16.04,11.17,10.57,12.95,,9.03,14.49,,14.38,19.25,,,6.54,,,13.9,10.93,22.1,8.32,11.05,12.47,15.21,15.8,16.52,16.99,16.63,,,15.45,,13.54,16.4,27.57,10.46,,,7.01,12.71,9.51,7.72,10.46,14.61,,9.98,,10.1,12.12,6.77,13.66,,,11.41,,11.53,12.24,18.54,,16.04,,,9.03,,5.94,5.11,,6.0
Montana,2020-05-04,15.71,7.79,8.27,14.75,,9.95,5.88,16.79,18.11,11.75,14.27,11.03,,8.51,,10.07,,15.23,14.27,11.39,7.67,12.23,,7.19,12.23,,12.95,11.99,10.31,,,9.95,13.07,,11.39,,9.59,12.47,12.95,13.55,13.55,,,,,8.75,8.27,11.03,11.99,13.31,12.59,19.66,14.03,,9.71,13.79,,10.55,18.46,,,7.55,,,10.43,15.71,18.46,5.16,10.55,14.51,17.5,13.31,17.98,16.07,10.79,,,16.91,,12.83,15.71,15.47,7.31,,,6.0,13.31,10.67,8.51,8.87,15.95,,7.55,,11.63,14.03,7.07,11.51,,,9.35,8.87,14.03,11.99,13.79,,14.87,,,6.71,,9.11,5.04,,0.0
Montana,2020-05-11,17.69,6.22,8.01,12.67,5.74,7.65,,17.81,16.02,9.92,13.99,15.54,,6.93,,11.6,,16.74,15.3,12.07,7.65,10.64,,12.31,8.97,,8.49,13.75,8.25,,,9.92,13.87,,11.6,,12.91,13.39,16.38,16.98,10.88,,,,,7.17,7.65,10.52,11.36,12.55,12.67,17.93,14.82,,10.64,11.84,,11.48,18.17,,,5.38,,,11.12,11.48,14.35,7.53,11.48,14.35,15.18,12.2,16.26,13.39,16.62,,,15.9,,10.04,13.03,8.73,10.76,,,5.26,13.63,13.51,7.53,10.04,13.03,,8.37,,11.84,12.79,,7.53,,,9.09,8.01,14.94,12.2,16.26,,12.43,,,6.1,,12.43,6.1,,1.0
Montana,2020-05-18,13.85,6.25,6.0,13.6,7.47,16.91,,11.03,15.44,8.82,14.95,16.42,,5.15,,11.89,,17.89,15.07,10.17,7.35,10.66,,10.66,9.44,,10.91,11.52,10.29,,,7.84,11.27,,12.38,,12.25,12.38,16.91,12.74,10.17,,,,,7.6,6.37,11.4,17.03,11.64,14.21,22.55,15.44,,7.35,17.03,,9.56,18.38,,,5.64,,,12.62,14.95,15.69,8.7,9.68,10.42,14.34,14.46,12.74,14.21,12.13,,,18.01,,9.93,12.38,11.64,14.58,,,5.76,14.83,9.19,7.47,10.78,17.52,,10.42,,11.27,11.52,6.25,10.05,,,9.93,5.27,18.5,11.03,12.13,,11.27,,,6.5,,6.74,,,1.0
Montana,2020-05-25,9.55,5.86,8.15,13.63,9.43,6.62,,24.08,13.38,5.99,18.73,17.45,,6.5,,12.61,,15.03,10.7,10.06,6.88,10.06,,9.81,13.25,,12.74,12.99,10.06,,,7.26,11.72,,14.52,,9.68,13.12,15.67,14.39,10.83,,,,,8.79,8.41,10.83,12.23,12.61,7.01,9.55,12.74,,9.3,13.25,,8.15,15.67,,,5.35,,,13.38,12.61,14.01,8.66,8.92,13.63,15.54,10.96,12.74,13.25,13.63,,,13.76,,11.59,17.07,44.2,12.99,,,6.24,9.43,7.9,8.41,8.92,11.21,,9.04,,11.34,9.94,7.64,8.03,,,6.75,5.35,17.83,11.72,14.27,,12.1,,,6.5,,10.06,,,2.0
Montana,2020-06-01,14.18,,11.44,12.31,5.72,6.84,,100.0,7.96,9.7,16.05,14.3,,7.84,,11.57,,20.4,12.56,12.56,7.09,10.82,,10.45,10.2,,9.7,9.95,13.43,,,8.96,14.68,,13.56,,12.19,13.93,13.81,15.17,9.7,,,,,9.08,6.47,11.44,13.68,11.82,11.32,9.58,10.57,,7.34,11.44,,7.84,13.93,,,7.71,,,12.56,11.44,14.43,7.71,9.2,14.55,14.43,11.32,16.29,17.79,13.06,,,18.78,,8.96,15.8,36.82,10.07,,,6.72,9.45,8.46,9.2,8.09,16.05,,7.21,,7.21,12.69,,9.08,,,9.2,7.59,14.55,9.33,12.94,,11.94,,,7.21,,8.09,,,2.0
Montana,2020-06-08,16.3,10.45,15.05,14.93,7.47,15.55,8.34,16.67,16.67,12.94,18.54,14.18,,6.97,,10.58,,14.31,16.3,11.2,,12.19,,9.83,12.69,,10.7,14.06,12.32,,,11.45,13.19,,15.18,,14.81,11.7,16.8,14.43,10.82,,,,,12.44,9.46,11.7,14.43,14.93,16.3,12.94,11.7,,9.46,10.2,,10.95,14.43,,,5.72,,,9.58,16.3,15.18,7.71,8.09,14.31,16.05,12.94,18.04,15.43,12.07,,,17.17,,5.23,17.67,23.14,12.94,,,,13.06,9.95,8.46,8.96,14.68,,14.31,,13.06,14.68,,7.96,,,7.59,7.22,14.06,14.43,15.93,,11.82,,,10.08,,9.33,,,2.0
Montana,2020-06-15,14.23,8.24,13.11,16.73,7.62,11.73,,15.6,12.61,8.24,15.11,17.73,,6.49,,11.61,,16.48,16.85,10.74,6.49,13.48,,10.74,12.36,,9.24,14.48,14.98,,,11.48,13.86,,16.6,,14.48,16.23,18.73,15.6,9.86,,,,,,8.61,11.98,11.86,14.61,13.86,10.24,10.49,,11.23,10.98,,15.11,15.6,,,5.99,,,10.86,23.97,16.48,8.24,14.11,18.85,13.73,18.48,17.48,11.98,13.86,,,14.48,,14.61,15.98,13.23,12.23,,,5.12,14.11,13.23,9.74,9.99,11.73,,10.36,,10.74,12.86,,6.12,,,8.36,5.74,17.6,11.11,13.98,,12.98,,,8.11,,10.24,5.12,,8.0
Montana,2020-06-22,18.97,10.48,22.34,12.48,8.49,11.48,,14.6,10.11,12.86,16.6,16.35,,10.23,,11.11,,12.73,15.73,11.73,5.87,11.86,,10.23,9.61,,11.23,17.35,11.11,,,12.36,17.22,,18.35,,12.11,13.11,16.48,13.85,11.36,,,,,7.36,9.86,9.86,15.48,14.85,18.72,13.48,15.48,,9.73,12.11,,14.6,15.23,,,5.24,,,9.11,18.85,12.86,8.74,10.36,15.85,14.6,14.73,17.6,18.47,10.86,,,12.23,,11.11,10.73,46.31,16.23,,,9.61,13.61,,7.36,,15.85,,10.73,,9.36,15.6,7.49,14.85,,,5.49,10.11,16.6,9.61,12.48,,9.24,,,7.49,,9.36,,,12.0
Montana,2020-06-29,11.03,14.7,10.52,10.52,6.72,12.93,5.96,9.25,10.39,9.12,15.97,14.95,,6.21,,9.25,,15.33,15.84,12.67,6.72,11.28,,10.01,10.14,,10.01,14.95,7.35,,,7.98,15.46,,12.8,,10.01,13.94,20.15,11.53,13.43,,,,,7.73,8.36,9.38,13.18,11.79,11.91,14.57,12.16,,12.04,12.67,,10.64,11.53,,,7.6,,,8.62,13.05,11.91,9.12,9.63,14.95,15.46,13.31,19.01,13.81,16.09,,,12.04,,10.39,12.67,26.36,8.74,,,7.86,13.81,11.53,6.46,8.74,17.23,,9.63,,16.22,15.97,5.96,9.76,,,7.48,9.5,17.11,11.15,13.69,,10.52,,,15.46,,9.25,5.58,,8.0
Montana,2020-07-06,18.03,16.33,9.32,11.25,10.77,18.39,5.44,13.31,12.34,10.04,17.66,13.91,,7.86,,12.1,,16.21,14.64,13.43,7.14,7.02,,8.47,14.03,,12.1,15.61,11.13,,,8.83,17.18,,21.54,,10.77,11.98,16.33,16.94,11.37,,,,,7.26,6.29,11.01,9.92,14.15,15.97,15.97,11.73,,13.79,16.7,,17.18,16.82,,,7.62,,,11.73,12.82,14.64,7.62,10.04,16.45,15.12,9.32,12.7,14.03,13.19,,,13.55,,14.64,16.94,36.42,13.31,,,5.32,13.79,12.22,9.44,7.99,15.73,,9.8,,7.26,14.64,5.69,7.5,,,6.65,10.53,16.7,9.2,13.91,,10.77,,,11.49,,10.04,5.2,,15.0
Montana,2020-07-13,14.25,20.41,9.66,12.44,7.0,23.67,,17.87,11.95,7.73,18.11,13.77,,8.57,,10.75,,14.73,16.06,9.9,7.0,7.37,,11.83,8.81,,8.45,19.2,11.23,,,7.37,11.11,,18.35,,12.2,11.47,14.73,13.89,12.07,,,,,5.43,7.61,7.0,13.89,14.49,14.37,17.51,13.52,,7.49,12.2,,16.06,14.49,,,9.66,,,11.95,13.16,12.56,5.67,10.14,16.3,15.09,12.8,15.82,16.3,15.09,,,15.94,,12.92,16.42,38.76,10.38,,,5.8,10.02,11.23,9.66,9.42,21.61,,9.18,,7.97,8.81,9.9,9.42,,,8.21,7.73,13.28,10.63,14.25,,12.2,,,11.47,,8.09,6.16,,16.0
Montana,2020-07-20,16.62,21.48,9.34,14.8,8.74,21.6,6.07,16.74,13.1,8.74,17.71,17.59,,6.55,,11.65,,10.07,13.1,11.04,5.82,10.56,,7.89,12.98,,11.04,17.71,14.68,,,9.22,9.46,,12.62,,10.68,14.68,16.74,22.32,10.8,,,,,8.25,9.71,11.89,15.77,13.47,13.47,13.83,15.65,,10.31,13.47,,11.65,21.84,,,,,,15.89,10.07,12.98,6.43,11.04,23.05,16.38,13.59,16.02,17.11,11.16,,,13.59,,11.28,16.99,39.19,9.46,,,10.07,12.26,10.92,11.53,7.89,18.2,,10.07,,11.04,8.86,7.89,12.01,,,,5.95,14.44,12.98,14.44,,8.25,,,8.13,,8.86,,,37.0
Montana,2020-07-27,7.26,17.42,6.29,13.55,7.5,17.42,7.74,13.67,10.16,7.99,20.81,14.88,,6.41,,12.7,,13.67,12.1,12.22,5.69,10.65,,8.71,13.19,,12.1,15.85,11.74,,,8.83,13.55,,16.58,,14.76,13.91,15.61,13.07,12.1,,,,,6.66,6.78,12.34,17.79,11.98,13.07,14.88,12.7,,9.2,10.29,,11.25,22.02,,,7.02,,,12.46,9.32,13.31,7.5,12.34,15.0,15.61,13.31,13.91,14.52,12.58,,,17.18,,13.67,10.77,33.76,8.23,,,7.26,11.25,10.16,8.11,11.13,17.79,,5.81,,9.92,11.98,6.9,11.13,,,6.41,9.32,15.73,9.68,12.95,,9.32,,,7.62,,7.02,,,34.0
Montana,2020-08-03,12.79,14.48,5.67,13.27,7.84,14.84,,11.82,12.3,12.91,20.75,12.79,,7.36,,13.39,,11.22,9.89,10.98,4.95,9.29,,7.6,14.36,,10.13,16.77,13.39,,,9.77,15.56,,15.2,,14.11,14.11,16.65,15.2,14.96,,,,,5.31,8.2,7.72,18.94,12.43,13.99,10.98,14.72,,10.13,8.56,,13.51,19.18,,,7.12,,,14.72,14.96,12.3,10.49,8.69,17.61,15.8,14.23,14.6,15.92,14.72,,,16.77,,10.86,15.92,23.16,14.11,,,6.88,12.91,11.34,7.84,8.32,15.8,,7.6,,10.37,11.46,6.39,10.25,,,7.96,8.81,16.89,9.05,12.18,,11.58,,,7.48,,6.63,,,34.0
Montana,2020-08-10,15.67,11.09,,13.26,7.71,13.26,,11.93,10.37,8.08,16.88,11.93,,10.97,,14.46,,13.62,14.1,12.42,5.54,9.4,,9.64,15.19,,14.95,16.64,14.46,,,9.16,13.98,,11.57,,16.39,13.26,13.38,11.57,12.78,,,,,6.75,8.44,13.86,11.69,12.66,10.61,13.62,13.98,,9.4,7.83,,10.85,15.43,,,7.11,,,11.45,14.95,12.18,9.76,9.76,20.01,14.59,12.42,14.1,16.64,12.42,,,13.5,,9.04,16.51,18.56,13.86,,,5.91,12.78,10.01,9.52,10.85,12.05,,11.33,,8.32,11.93,6.99,11.93,,,9.04,7.71,16.15,10.85,15.79,,10.73,,,9.76,,7.71,,,39.0
Montana,2020-08-17,14.08,13.14,5.98,10.56,9.39,15.02,5.75,9.27,12.55,10.68,17.25,13.26,,5.04,,15.49,,16.78,13.49,12.67,,9.62,,7.27,11.62,,11.85,18.77,15.84,,,9.74,14.31,,13.26,,10.44,15.49,18.66,15.6,13.14,,,,,4.81,6.8,11.85,16.54,14.78,17.25,7.16,15.37,,6.1,12.55,,13.26,15.6,,,5.98,,,12.2,11.97,17.13,8.45,10.79,12.2,20.18,9.15,18.66,11.97,10.79,,,15.72,,17.25,13.73,14.9,10.79,,,7.51,13.96,7.86,5.63,8.21,13.02,,6.92,,10.56,13.14,6.1,9.39,,,,6.22,21.35,9.5,12.2,,8.68,,,8.92,,5.75,,,54.0
Montana,2020-08-24,13.48,15.78,5.88,19.24,5.76,14.98,5.53,12.33,13.71,10.6,17.17,15.09,,8.76,,14.4,,14.63,16.48,11.64,7.03,11.98,,9.91,13.37,,11.41,14.86,13.71,,,7.49,13.94,,11.41,,13.83,11.29,17.63,12.79,10.71,,,,,6.11,8.41,14.29,12.33,15.09,15.67,9.22,16.59,,7.6,10.6,,9.91,17.4,,,6.22,,,11.87,12.9,11.29,7.03,9.56,13.94,15.78,12.21,14.63,14.75,12.56,,,16.13,,15.44,12.1,6.45,11.29,,,6.68,16.13,8.29,11.41,10.02,13.37,,10.71,,13.13,14.06,4.84,8.99,,,9.1,7.26,14.86,13.83,14.29,,10.6,,,10.83,,10.95,,,53.0
Montana,2020-08-31,17.58,14.39,5.94,17.81,7.88,15.76,8.68,17.35,11.76,9.36,19.07,15.19,,10.39,,13.36,,15.3,14.96,10.73,5.02,10.16,,12.33,12.79,,10.85,14.73,11.42,,,6.17,13.47,,12.45,,12.9,14.16,15.19,13.47,12.56,,,,,11.3,8.68,12.45,17.58,16.1,14.04,10.16,12.67,,10.5,12.1,,10.73,15.19,,,4.79,,,11.3,12.1,15.98,10.73,9.48,18.84,18.84,11.87,16.9,12.33,14.39,,,15.98,,13.47,10.96,5.25,8.45,,,8.11,13.47,10.73,8.79,8.11,14.27,,9.02,,9.13,14.16,4.79,11.42,,,6.62,9.25,14.84,8.56,10.73,,8.45,,,14.61,,9.71,6.28,,53.0
Montana,2020-09-07,17.03,15.45,7.33,12.63,8.35,15.23,6.77,9.81,10.6,11.73,18.38,13.2,,6.2,,12.63,,14.32,16.47,6.99,11.96,10.26,,14.21,14.66,,12.18,15.9,13.76,,,10.49,13.87,,14.1,,11.5,13.42,17.48,15.0,15.34,,,,,11.5,6.88,13.2,14.66,11.5,15.23,11.05,12.86,,7.89,16.47,,12.52,12.07,,,7.33,,,6.65,12.97,14.66,,8.91,15.79,18.5,12.41,19.17,11.96,8.8,,,12.63,,14.77,12.18,,10.83,,,6.77,12.52,13.31,6.99,8.68,17.37,,5.19,,12.07,14.44,4.96,11.39,,,8.46,10.49,20.75,12.18,13.87,,14.55,,,7.78,,8.91,4.85,,54.0
Montana,2020-09-14,17.34,17.34,6.04,15.36,7.68,19.97,7.9,15.25,14.05,12.62,18.55,11.96,,6.91,,15.91,,16.57,17.56,10.31,8.67,10.64,,12.95,14.92,,9.77,18.11,11.41,,,6.25,15.58,,10.21,,9.44,14.27,13.83,15.8,12.62,,,,,11.74,9.33,11.96,18.0,17.12,18.33,14.6,12.51,,10.21,14.92,,14.81,14.81,,,7.02,,,12.84,20.85,12.62,9.88,10.86,11.19,17.45,11.63,18.0,15.8,10.1,,,17.01,,11.52,14.38,,15.14,,,6.8,15.58,11.19,8.78,7.46,16.9,,8.12,,13.61,12.73,4.39,11.41,,,9.88,11.52,19.2,9.55,16.46,,13.28,,,11.41,,10.21,,,39.0
Montana,2020-09-21,15.89,21.26,4.92,15.66,9.4,23.05,8.06,13.65,14.77,10.74,15.89,11.86,,8.5,,13.76,,13.65,14.66,9.85,10.85,9.18,,8.17,12.53,,11.41,19.24,13.43,,,8.39,13.31,,11.75,,13.54,15.22,18.57,15.89,11.19,,,,,12.42,10.18,11.08,12.87,19.8,18.24,14.88,11.86,,9.06,15.66,,14.32,17.23,,,4.92,,,11.86,19.47,18.01,8.84,11.41,14.21,20.25,13.43,15.78,21.04,11.08,,,16.56,,12.87,12.64,,11.52,,,7.94,15.33,12.53,9.73,12.08,13.99,,9.96,,15.11,14.88,5.82,14.66,,,8.62,14.66,19.36,14.66,14.77,,11.64,,,10.4,,12.31,,,45.0
Montana,2020-09-28,45.58,31.55,7.12,16.74,6.11,45.24,8.94,17.08,11.65,10.06,19.79,15.15,,9.05,,9.05,,16.85,19.11,9.61,9.05,4.75,,11.88,13.46,,13.01,22.39,10.63,,,7.01,18.66,,11.88,,13.69,14.7,17.19,15.61,12.1,,,,,13.35,12.89,12.21,12.33,16.74,15.15,12.21,13.35,,10.06,15.15,,18.43,21.04,,,8.48,,,11.88,14.48,13.57,7.24,12.67,11.88,16.62,11.08,17.76,17.64,13.01,,,15.27,,13.46,16.4,,13.46,,,9.27,15.83,11.54,10.97,10.18,16.29,,7.46,,12.67,13.35,7.58,8.37,,,10.06,12.21,14.81,17.42,16.85,,14.59,,,6.67,,10.97,,,117.0
North Dakota,2020-03-09,10.48,,,11.62,,,7.56,10.58,12.66,6.04,9.63,8.78,10.29,4.16,8.31,10.48,,10.86,10.86,,7.93,5.38,34.66,11.62,5.29,16.81,5.95,6.33,7.46,11.9,10.01,6.33,7.18,10.96,7.65,,8.31,9.07,8.88,7.27,7.27,12.0,9.63,12.75,,6.42,12.75,7.08,8.31,11.43,10.48,9.26,7.65,,8.6,9.35,12.85,15.4,10.48,,10.11,14.45,14.26,12.0,8.12,8.97,12.66,6.8,10.01,11.9,11.05,7.08,7.75,10.96,9.54,,11.71,9.73,,7.65,8.31,,5.2,,,6.99,9.16,6.14,11.33,6.42,10.01,,10.01,12.66,7.84,5.67,3.78,9.54,10.96,22.1,7.08,12.19,12.85,9.63,7.93,12.19,10.48,31.74,11.05,7.27,,5.76,19.17,,0.0
North Dakota,2020-03-16,8.08,5.84,,8.46,4.38,7.59,4.38,10.9,6.91,4.87,6.81,4.96,8.56,7.39,9.24,7.78,,8.27,7.01,5.35,9.24,5.45,50.21,6.81,5.45,15.96,6.13,9.44,7.01,6.13,8.17,7.3,6.52,11.09,5.84,,4.48,6.71,6.62,7.78,6.03,9.83,5.06,11.77,,9.54,9.15,3.99,7.78,5.74,5.93,5.84,5.55,,6.03,9.15,9.63,18.49,10.22,,6.03,12.84,10.12,8.85,5.74,7.2,9.73,,6.52,9.24,10.22,6.52,7.78,9.05,6.23,,8.46,8.56,,6.91,6.62,,4.57,,,4.67,6.71,5.45,8.37,7.49,10.22,,11.58,7.69,4.96,5.06,10.9,,12.26,21.02,5.64,11.29,7.88,10.41,7.88,8.76,10.12,59.26,7.78,6.13,,6.62,18.58,,0.0
North Dakota,2020-03-23,12.46,11.26,,8.96,4.8,23.36,5.91,9.05,9.97,4.15,7.57,9.88,7.11,5.26,8.03,8.86,,16.16,9.23,4.15,11.17,4.71,38.5,8.4,,14.49,6.0,12.65,9.05,11.54,12.28,10.34,5.54,10.71,7.39,,6.74,7.2,8.4,7.66,8.77,10.43,9.42,10.34,,18.37,9.23,7.11,5.36,11.91,6.92,6.83,9.32,,7.11,9.79,9.23,12.83,7.02,,7.85,10.52,9.69,10.71,6.55,6.55,8.77,4.89,5.91,10.25,10.34,6.18,10.15,6.0,8.96,,8.03,7.75,,6.92,7.02,,9.88,,,4.89,7.39,6.28,9.97,6.74,9.05,,8.96,11.26,7.94,8.77,11.26,12.09,7.48,21.14,7.29,9.79,6.46,14.96,9.97,6.92,7.75,27.42,9.42,5.72,,4.52,13.76,,3.0
North Dakota,2020-03-30,9.16,8.19,4.49,9.51,,17.87,3.7,8.19,7.39,7.13,6.87,7.66,9.51,7.66,7.66,7.39,,10.12,10.48,4.93,9.86,6.25,24.3,8.54,,14.0,3.96,10.21,6.43,8.1,7.66,4.84,7.57,9.51,5.55,,5.11,7.83,8.54,6.16,11.09,8.89,9.51,9.51,,11.18,7.92,5.46,6.6,8.36,7.83,7.22,7.39,,7.22,12.85,7.75,13.73,11.36,,10.3,7.48,10.39,11.62,6.96,7.92,9.86,3.87,6.25,8.89,10.74,7.66,10.74,8.45,9.42,,7.31,11.88,,9.07,6.96,,6.43,,,6.25,7.92,9.16,8.98,4.4,8.1,,5.99,17.61,6.69,8.01,9.6,8.98,10.04,17.25,7.31,7.92,6.69,10.74,8.01,7.66,8.8,19.1,10.21,5.37,,5.9,11.09,,14.0
North Dakota,2020-04-06,8.96,4.53,4.98,11.59,3.98,8.87,,9.23,6.7,6.61,5.79,8.24,10.41,6.43,9.6,5.79,,16.84,11.05,5.34,7.42,6.61,17.02,8.15,6.25,14.31,,8.42,6.88,8.06,10.87,5.25,8.06,11.95,8.24,,7.7,6.61,5.52,5.98,8.51,10.77,9.42,8.6,,9.6,5.52,8.15,4.98,9.6,9.05,4.35,6.34,,6.7,10.87,9.33,11.77,9.33,,8.78,,10.96,11.32,8.96,9.69,8.69,4.71,7.24,8.06,11.41,9.78,11.14,7.33,10.41,,8.51,9.6,,6.97,7.33,,7.42,,,4.17,10.68,7.79,,3.71,9.14,,6.7,8.33,6.7,6.97,6.25,9.69,10.32,8.69,3.8,8.06,7.33,7.24,9.51,6.52,8.69,11.95,13.13,6.43,,7.7,6.25,,14.0
North Dakota,2020-04-13,6.31,,6.58,8.0,3.91,10.31,,8.54,7.74,5.78,8.89,8.8,12.98,6.14,10.76,6.14,,15.83,8.8,6.22,6.31,8.71,10.94,9.16,5.87,13.61,5.96,10.4,7.29,10.49,9.6,8.54,5.96,9.87,6.76,,8.09,11.56,5.07,7.2,7.74,11.03,15.74,10.85,,10.14,4.89,4.89,5.87,9.16,8.27,5.42,10.05,,6.85,8.09,9.87,8.71,9.78,,10.94,,9.16,8.0,8.09,8.54,11.38,5.07,4.36,7.47,11.83,8.71,10.67,7.56,8.89,,7.38,10.23,,10.76,7.29,,5.16,,,4.8,10.4,8.27,11.92,4.62,8.8,,9.52,10.05,7.03,4.8,6.31,9.52,10.76,12.98,7.03,5.25,9.87,7.83,8.45,8.71,11.38,13.61,10.67,5.6,,4.36,8.0,,8.0
North Dakota,2020-04-20,9.52,6.41,5.4,8.7,,9.8,3.94,11.9,9.06,7.05,5.86,10.25,8.15,4.58,11.35,8.15,,11.35,11.54,5.04,8.42,4.94,9.61,6.22,9.8,12.54,,9.25,8.42,12.18,12.54,7.32,5.95,9.7,8.79,,7.78,10.35,9.06,9.34,7.87,11.63,10.99,9.06,,7.6,7.14,7.05,7.87,8.88,6.78,6.59,7.78,,5.86,13.18,13.37,8.61,8.06,,11.63,,10.62,9.52,9.06,8.97,9.89,5.4,4.58,7.32,8.15,7.05,11.81,8.15,9.52,,8.97,11.08,,8.15,5.77,9.98,7.87,,,4.49,10.25,7.87,5.31,5.22,6.22,,6.59,12.09,8.97,10.35,7.23,7.78,9.15,13.64,7.05,6.87,8.88,9.61,8.33,6.78,11.63,11.26,9.43,5.95,,6.32,5.49,,12.0
North Dakota,2020-04-27,9.0,5.34,6.38,10.31,4.5,8.06,,21.56,8.72,7.5,8.06,9.19,8.06,5.62,9.56,11.34,,11.9,10.03,4.59,4.69,5.16,10.41,8.81,7.31,18.09,5.81,3.84,4.69,12.0,10.97,6.84,6.19,12.28,7.59,,7.31,8.91,7.87,9.75,8.81,13.69,10.31,10.03,,7.12,4.5,6.0,8.44,8.53,10.03,12.0,9.84,,4.41,11.15,11.9,10.12,8.44,,8.06,,8.91,9.0,7.12,7.31,14.44,9.0,6.0,7.97,9.0,5.53,9.09,10.03,9.75,,13.31,10.59,,5.91,10.22,22.03,5.81,,,6.56,8.25,6.75,9.75,6.94,7.59,,5.81,14.06,7.31,9.19,,7.87,6.94,12.47,7.12,4.78,6.84,9.56,9.0,7.59,9.28,12.84,7.5,7.22,,5.62,5.53,,20.0
North Dakota,2020-05-04,11.16,5.99,6.92,11.43,,6.64,,9.87,11.34,7.19,10.05,8.85,9.4,4.52,11.62,9.59,,12.45,13.37,5.44,4.43,6.09,10.05,5.53,4.98,17.7,,8.11,6.18,11.89,8.85,6.82,8.11,10.79,7.65,,6.92,8.39,8.39,7.38,9.87,11.99,11.34,9.04,,9.59,7.38,7.75,8.94,12.36,8.39,16.87,8.57,,5.44,7.75,11.25,9.96,8.76,,10.7,,12.08,9.4,10.05,6.73,9.22,5.07,5.72,9.77,9.31,8.21,8.11,8.21,7.65,,11.99,10.6,,3.87,9.4,8.48,6.46,,,4.89,7.47,8.11,7.28,5.44,8.85,,7.28,10.6,7.56,5.99,5.81,10.33,11.16,12.08,9.31,5.07,7.93,7.93,8.21,7.56,8.39,7.65,7.65,4.33,,4.52,,,19.0
North Dakota,2020-05-11,10.78,5.34,7.06,6.87,,7.54,,6.3,10.02,8.4,7.35,8.87,10.11,6.77,8.87,6.49,,11.93,8.87,6.01,5.34,5.53,6.3,7.44,9.64,16.6,4.29,8.11,7.63,10.88,13.55,5.34,8.21,13.26,8.68,,7.63,6.87,8.21,6.87,8.02,8.97,8.97,10.02,,6.58,,4.1,5.72,11.16,8.4,13.17,10.21,,6.01,10.59,10.3,9.16,9.83,,10.11,6.39,11.64,8.4,9.54,8.02,7.73,4.1,5.06,4.49,10.11,9.92,9.35,10.4,8.49,,10.21,11.26,,9.45,8.11,8.21,5.63,,,6.77,8.87,5.25,4.87,6.68,11.07,,9.64,11.93,5.44,8.02,5.82,7.25,6.77,9.83,8.49,4.77,7.73,7.25,9.45,8.21,7.54,5.92,9.16,5.82,,4.96,5.15,,20.0
North Dakota,2020-05-18,10.39,7.54,4.99,6.72,4.89,10.09,,8.76,7.24,4.48,9.88,8.97,9.88,4.69,12.63,7.74,,8.05,8.66,8.36,4.48,6.72,6.11,6.72,,17.32,5.81,10.29,5.6,10.19,10.9,6.83,8.36,8.87,11.82,,6.52,4.79,,8.56,11.01,12.12,7.64,9.58,,4.28,,8.25,4.38,11.01,7.44,15.08,7.34,,6.11,7.13,8.87,7.85,9.37,,10.7,4.89,9.88,9.37,11.01,9.48,9.37,5.3,4.28,7.85,9.68,7.85,11.51,8.56,10.09,,9.48,10.8,,4.79,9.58,25.68,6.42,,,,8.15,4.18,6.83,6.11,11.11,,7.34,13.55,6.22,6.93,5.2,7.34,8.46,8.66,6.93,6.32,,7.13,10.7,4.48,6.93,6.01,8.66,,,,,,20.0
North Dakota,2020-05-25,9.46,4.94,,8.62,4.2,,,24.16,8.2,,7.67,6.83,8.2,6.2,10.82,8.82,,10.72,6.41,4.62,6.62,6.41,5.46,5.46,7.14,15.34,4.62,8.2,7.88,9.04,10.82,4.83,6.72,9.56,8.82,,5.67,7.88,7.46,8.2,7.46,6.62,10.72,7.36,,,5.25,11.24,7.78,8.3,7.36,9.25,8.93,,6.62,6.72,8.3,8.51,7.88,,10.09,,11.98,10.19,10.4,7.57,5.88,,,14.08,7.25,7.46,10.72,9.77,6.62,,11.14,14.08,,5.78,10.09,28.26,6.72,,,,6.41,6.2,9.04,6.2,8.72,,5.67,12.4,6.09,5.67,,5.88,8.3,6.41,5.15,5.78,10.3,7.99,9.56,7.04,9.35,5.88,7.78,4.73,,4.2,,,22.0
North Dakota,2020-06-01,8.55,4.63,5.87,9.78,5.56,6.49,,100.0,6.8,,8.03,8.65,8.34,4.84,9.78,8.96,,7.21,10.81,6.49,5.66,4.22,7.0,8.03,4.84,16.99,,8.86,10.51,10.4,8.24,5.46,7.62,12.36,9.78,,5.15,,8.65,8.34,6.38,9.06,8.55,12.46,,,5.15,5.87,5.66,10.09,6.69,6.18,4.74,,5.87,7.0,10.4,7.11,5.77,,11.12,,10.2,6.59,8.14,7.21,10.3,4.33,6.69,13.08,12.77,7.52,10.81,7.83,6.9,,11.33,8.03,,5.77,8.65,31.72,6.28,,,5.25,6.8,7.72,5.77,6.49,10.2,,6.49,10.71,5.05,,5.05,7.62,6.8,,4.94,4.43,10.09,8.55,9.99,11.02,5.87,6.28,8.14,,,7.62,,,15.0
North Dakota,2020-06-08,12.24,6.93,9.38,9.69,5.1,8.56,,10.91,8.97,6.93,9.79,5.51,10.2,4.08,10.81,8.26,,9.79,7.55,7.24,6.02,7.95,,8.05,6.22,19.17,5.81,13.15,9.89,8.46,12.03,4.79,4.59,10.91,11.42,,7.44,7.04,8.46,8.67,4.08,13.26,6.42,11.22,,4.28,,5.1,6.02,8.16,9.07,8.77,9.28,,5.0,9.28,9.38,7.55,7.85,,9.28,5.3,7.34,9.28,8.56,9.69,8.67,5.2,8.56,12.95,11.22,7.95,11.01,10.91,7.14,,11.83,8.67,,7.44,10.91,28.14,7.14,,,,7.85,8.56,,4.79,10.91,,9.18,10.5,6.53,5.0,7.75,7.65,7.75,4.49,4.79,6.93,8.26,7.14,14.58,11.01,6.42,5.91,8.16,5.0,,7.65,,,16.0
North Dakota,2020-06-15,6.46,6.25,9.38,9.48,5.21,8.12,,8.12,7.5,6.25,7.4,7.71,8.54,4.58,10.1,6.77,,8.33,10.62,8.65,6.98,7.19,7.5,6.88,8.54,19.17,5.21,8.54,10.1,10.1,8.12,6.56,6.46,12.29,10.0,,8.12,7.92,10.0,7.6,10.0,14.17,9.58,8.65,,,5.21,7.71,6.77,9.48,10.73,9.89,6.77,,6.98,6.35,12.29,8.85,7.71,,9.69,4.48,10.94,8.75,8.54,14.17,20.83,6.77,6.25,11.04,10.0,8.12,12.92,10.1,6.46,,13.44,10.62,,6.25,8.85,20.73,8.23,,,5.21,9.27,6.15,5.31,4.69,10.52,,6.56,12.39,10.1,4.27,5.62,7.81,11.35,7.19,,5.73,9.79,6.15,9.38,11.88,7.81,5.21,7.5,4.38,,4.27,,,14.0
North Dakota,2020-06-22,7.86,,6.39,10.48,4.72,5.45,,5.45,10.79,,12.16,7.97,11.01,7.44,8.18,7.55,,11.95,10.69,7.76,,5.87,13.52,7.23,4.19,18.76,,8.7,8.91,9.75,10.69,6.92,7.02,9.96,9.33,,7.55,10.59,8.59,9.85,8.18,16.04,9.64,8.7,,5.76,6.92,8.59,8.8,8.18,10.38,10.06,7.55,,6.39,5.66,13.0,8.59,7.55,,6.18,4.3,14.67,11.63,12.16,10.9,11.32,5.14,5.34,10.59,13.31,7.23,12.89,9.12,5.14,,12.26,10.9,,11.42,12.47,27.25,5.03,,,4.72,9.85,8.8,4.93,4.61,11.42,,8.07,11.42,5.24,6.18,,8.91,13.1,10.27,,6.29,9.22,6.5,8.8,11.42,7.44,5.76,6.92,7.02,,7.23,,,19.0
North Dakota,2020-06-29,10.84,5.75,8.07,13.27,,6.64,,8.85,10.62,,7.3,7.96,8.63,,9.73,10.18,,9.62,8.19,6.97,,4.54,9.29,7.3,7.63,18.25,,8.41,5.97,11.06,9.18,,7.63,8.63,9.73,,6.08,8.74,6.86,5.75,7.19,15.82,12.17,8.96,,,,7.19,5.53,9.07,9.29,7.96,5.53,,6.97,6.75,9.85,5.97,10.62,,7.96,,14.71,9.51,9.73,5.64,8.96,4.54,7.08,10.18,11.61,4.65,10.84,9.07,6.08,,13.16,12.61,,7.3,11.39,37.05,5.75,,,,6.53,4.87,7.41,,9.85,,,14.38,8.96,10.84,,7.08,7.63,11.28,,,11.06,5.75,9.96,12.39,5.53,6.53,10.4,6.08,,6.19,,,10.0
North Dakota,2020-07-06,13.78,8.24,5.53,10.64,4.17,10.23,,8.56,7.41,,11.06,5.95,7.83,,9.5,7.51,,17.74,9.71,8.24,,7.2,11.37,4.28,5.74,16.59,4.91,11.79,9.29,13.67,10.12,5.22,6.99,9.5,11.27,,9.6,6.89,10.85,8.35,12.42,11.06,10.85,11.37,,,4.7,5.84,6.78,9.81,10.33,9.71,8.14,,6.47,8.35,11.79,9.08,9.91,,7.93,4.7,14.3,10.54,10.85,10.12,10.96,6.89,6.26,9.29,16.7,6.05,10.75,11.27,7.3,,17.74,9.81,,5.84,14.4,30.05,6.26,,,4.49,6.89,6.57,4.49,6.26,8.14,,7.51,12.42,5.32,7.72,7.62,8.04,9.6,10.96,5.01,5.53,10.44,6.37,10.12,9.5,8.04,8.97,9.91,6.99,,4.8,,,16.0
North Dakota,2020-07-13,4.85,7.95,4.54,9.19,5.37,8.15,4.13,8.05,7.12,5.57,9.08,8.15,9.19,4.64,9.39,8.46,,10.32,10.53,6.09,,7.53,12.18,5.57,7.33,18.37,4.13,11.87,7.33,13.83,12.59,4.64,8.88,10.11,9.49,,9.91,7.74,10.32,6.4,7.02,10.53,10.01,10.63,,5.99,4.75,8.98,6.61,9.39,10.42,6.09,11.77,,8.77,8.05,11.35,9.08,9.08,,9.49,5.68,11.15,8.67,9.08,7.74,7.74,4.85,6.19,10.22,9.8,8.77,14.24,7.74,8.26,,12.9,13.31,,7.12,10.11,15.89,7.64,,,4.75,5.57,5.47,4.23,5.37,14.55,,5.99,12.59,5.68,6.5,4.75,6.61,12.18,8.77,4.85,5.06,9.91,7.22,10.22,11.35,6.5,6.61,10.01,5.68,,5.37,,,29.0
North Dakota,2020-07-20,6.96,8.72,,6.85,,12.77,,7.17,9.35,5.71,8.72,6.33,8.83,6.02,13.5,10.28,,10.9,8.52,6.13,5.09,5.82,10.07,,6.75,17.24,5.82,10.38,7.37,14.02,13.6,4.98,8.52,8.0,9.24,,9.35,6.44,11.84,8.0,7.68,10.9,9.03,11.01,,5.82,5.3,9.76,6.13,9.14,6.75,8.62,6.13,,4.36,9.14,8.31,7.89,13.5,,10.07,5.09,13.39,10.8,8.93,7.37,6.96,4.98,5.5,10.9,10.38,7.27,12.46,7.37,9.35,,17.24,10.8,,8.72,4.78,9.24,7.06,,,6.02,10.38,7.58,,5.71,7.79,,6.75,16.82,5.5,6.23,,9.35,9.35,7.17,4.36,,10.59,7.17,9.55,12.15,6.85,9.55,9.03,5.5,,6.23,,,31.0
North Dakota,2020-07-27,6.41,11.66,8.72,8.41,5.78,13.14,,9.25,6.51,7.15,10.61,10.19,9.14,,12.4,9.88,,9.56,9.98,6.62,4.62,5.78,10.61,5.99,8.09,16.92,8.3,9.98,10.3,11.56,11.45,5.78,11.03,10.72,8.83,,10.61,8.2,10.72,9.67,9.25,9.35,8.41,11.98,,,5.67,6.72,6.62,8.2,8.72,8.72,8.72,,6.3,5.88,6.62,8.83,9.25,,10.93,5.25,14.29,9.77,9.67,8.3,9.77,5.25,6.41,11.03,11.66,9.98,12.51,10.82,10.51,,15.45,10.61,,8.09,8.72,14.19,7.46,,,5.36,11.14,8.41,4.41,5.46,7.78,,7.57,11.77,6.51,8.51,4.83,7.04,9.46,8.83,,5.04,10.19,8.41,9.67,9.46,7.25,11.45,7.88,8.41,,4.83,,,31.0
North Dakota,2020-08-03,6.93,10.24,7.24,11.07,5.59,14.69,,9.62,6.62,7.35,10.97,10.04,11.79,5.38,15.73,7.24,,8.38,5.48,6.31,6.93,6.83,7.55,,8.48,17.49,5.9,13.04,8.28,14.9,9.42,7.04,6.83,10.55,7.55,,6.52,7.97,10.86,7.76,9.42,10.97,8.48,10.97,,4.24,6.21,6.31,,11.59,5.17,6.31,10.97,,5.28,5.69,8.38,7.76,11.18,,11.38,,15.0,9.62,14.28,8.69,9.83,,9.31,9.93,9.62,8.28,10.97,8.69,7.14,,12.42,9.83,,6.11,9.62,9.62,4.86,,,,9.52,4.35,4.45,6.31,9.31,,7.24,11.69,7.04,8.69,4.66,11.69,10.86,7.04,4.86,4.66,8.17,6.52,9.0,10.35,8.38,8.69,9.62,4.66,,5.59,,,38.0
North Dakota,2020-08-10,8.24,10.71,10.5,10.2,,9.68,,9.37,4.53,6.59,9.16,5.87,11.02,5.36,12.15,11.74,,8.03,7.83,6.9,6.08,9.06,5.87,,7.31,17.09,8.55,13.08,9.47,11.33,11.43,8.65,7.72,12.05,9.47,,8.44,6.28,12.25,9.16,7.41,10.61,9.78,11.64,,5.15,4.94,6.08,5.36,9.27,8.65,7.41,10.4,,6.8,4.22,10.5,8.86,10.81,,7.41,5.46,12.05,9.78,9.37,6.69,11.12,4.94,7.11,8.24,8.55,6.28,12.87,10.71,7.83,,13.18,11.74,,6.08,6.38,6.28,4.94,,,,8.24,5.36,5.46,6.38,6.38,,,13.39,,8.13,5.15,9.27,11.64,8.44,5.46,5.25,8.96,6.28,10.09,10.4,6.28,6.8,10.4,6.69,,5.46,,,44.0
North Dakota,2020-08-17,7.55,11.17,7.04,13.89,4.53,10.97,,12.88,5.03,6.74,11.27,6.04,10.57,5.53,8.05,10.57,,10.97,8.86,8.86,4.03,4.83,8.15,6.34,6.34,15.2,5.63,8.15,7.35,13.48,11.47,7.25,8.35,12.48,7.75,,6.74,6.14,11.87,8.86,7.95,10.37,9.16,8.25,,,4.43,6.44,7.65,6.14,7.85,7.95,8.65,,4.13,9.06,8.05,6.94,12.78,,10.77,5.23,12.48,8.45,11.47,7.55,4.23,4.13,6.64,12.28,7.95,5.94,5.84,8.45,7.04,,15.9,10.77,,7.75,9.56,6.84,6.64,,,4.33,6.74,5.23,,5.74,8.55,,5.74,11.17,5.74,4.23,5.03,8.55,10.37,5.63,4.93,4.63,8.65,8.05,9.56,9.56,5.94,6.84,9.76,5.13,,4.53,,,44.0
North Dakota,2020-08-24,8.53,13.94,,10.9,,16.69,,18.2,6.54,4.36,7.68,7.21,7.3,,13.09,9.29,,9.39,12.99,6.16,4.93,4.93,8.15,8.25,7.02,18.87,7.58,12.14,9.86,11.57,9.67,,6.83,15.08,8.06,,6.64,7.4,12.33,4.74,10.05,11.19,7.49,12.14,,4.55,8.15,6.92,6.73,9.77,9.2,6.26,9.86,,4.74,6.64,9.48,13.46,5.97,,8.15,4.74,10.62,9.96,10.24,8.53,7.3,6.07,6.26,7.02,18.49,6.64,12.89,8.72,9.2,,12.99,9.96,,6.83,8.82,6.35,6.26,,,5.21,9.48,7.4,5.59,5.97,8.15,,7.58,13.94,9.39,5.21,5.21,7.4,9.86,7.68,6.07,6.54,6.64,8.44,10.05,9.01,5.59,7.68,7.87,7.11,,4.46,,,42.0
North Dakota,2020-08-31,9.65,19.2,6.72,9.55,5.39,17.12,,13.24,9.27,5.39,8.42,5.68,9.27,,9.93,9.74,,12.58,10.22,8.7,7.28,6.43,10.5,6.24,6.15,18.07,5.2,13.24,9.27,14.19,12.01,,7.28,12.2,6.91,,5.39,8.32,8.61,8.23,7.57,13.81,8.42,10.22,,8.8,6.24,6.62,5.77,5.39,11.73,6.62,7.76,,5.87,7.28,9.37,8.51,6.91,,11.35,,12.68,8.99,8.42,7.57,9.37,6.24,7.85,10.31,8.61,6.43,10.69,8.89,7.38,,14.95,7.09,,8.89,8.13,,5.77,,,6.34,13.43,6.62,,5.49,8.8,,6.05,9.74,7.38,7.38,4.16,12.11,8.61,8.51,7.57,7.38,11.07,9.55,7.95,10.69,7.76,8.99,6.53,6.81,,6.15,,,53.0
North Dakota,2020-09-07,8.23,18.96,4.16,9.16,5.18,16.56,,9.53,9.81,6.47,10.18,6.29,9.34,7.03,10.55,7.86,,16.0,14.43,9.16,6.94,6.11,11.75,8.79,7.4,17.76,7.68,11.19,7.4,12.03,11.01,5.74,6.2,10.36,9.06,,8.32,7.12,13.32,7.86,6.66,9.16,8.7,12.3,,10.45,9.34,8.51,8.42,6.01,11.29,6.11,10.08,,6.29,9.81,12.77,11.29,7.58,,8.6,7.86,11.01,11.1,8.32,8.42,14.25,4.35,9.25,5.64,10.18,8.97,12.12,8.6,7.21,,14.06,9.62,,11.29,8.14,,5.27,,,5.46,12.03,3.79,7.4,10.73,11.01,,4.81,11.38,6.84,6.66,4.44,9.62,9.81,13.04,6.75,7.12,9.06,9.81,8.05,9.44,7.12,7.12,11.1,5.64,,6.01,4.35,,44.0
North Dakota,2020-09-14,8.31,19.6,5.24,12.1,,22.04,,10.3,7.68,6.68,12.46,4.33,7.68,4.52,10.21,7.41,,11.11,15.81,8.76,8.94,6.68,13.91,7.41,7.04,17.07,7.95,14.54,9.39,10.48,7.59,,7.04,13.1,8.22,,9.21,8.49,9.94,10.39,7.77,8.4,10.48,12.46,,8.94,7.5,7.13,9.75,10.75,10.21,8.85,8.67,,6.5,8.76,15.44,8.13,10.03,,8.31,4.06,13.73,18.34,8.13,8.58,7.22,6.5,7.86,10.3,10.66,6.59,14.0,10.21,5.42,,14.9,9.39,,9.48,9.94,,10.12,,,5.69,8.76,9.03,7.59,5.51,8.04,,7.59,12.64,7.04,9.21,4.52,13.46,9.48,11.74,6.32,11.92,9.39,9.39,6.32,9.94,8.04,7.13,9.03,6.95,,10.66,5.78,,45.0
North Dakota,2020-09-21,12.47,22.5,3.88,12.11,5.6,24.4,4.07,6.51,9.85,7.41,10.21,4.88,8.86,7.59,11.38,10.84,,13.55,13.55,10.12,6.6,12.47,14.01,5.69,9.4,19.52,5.96,15.81,7.59,13.91,11.66,7.14,7.14,10.39,6.6,,9.13,7.59,9.4,8.13,9.22,13.37,9.67,14.19,,8.77,7.95,8.22,8.77,8.49,10.75,6.51,9.49,,7.77,9.4,12.38,13.1,10.84,,9.85,4.88,11.29,8.86,10.48,11.38,12.11,,3.79,9.31,10.75,11.02,12.2,8.68,9.76,,13.73,9.49,,7.59,8.31,,6.96,,,,9.94,6.78,5.15,6.42,7.95,,9.31,12.11,6.51,12.65,6.42,13.19,11.38,10.48,6.33,11.21,10.39,9.94,9.67,10.66,6.33,11.21,7.41,7.05,,7.95,6.05,,80.0
North Dakota,2020-09-28,16.44,25.83,4.52,9.12,4.7,28.9,5.69,8.76,10.48,6.05,7.32,8.67,10.21,6.5,12.28,6.95,,12.01,12.1,7.68,10.57,9.12,13.01,9.48,8.22,14.45,9.57,14.99,6.05,11.92,10.21,7.04,8.13,12.46,8.13,,8.94,10.39,7.41,8.76,6.41,11.92,10.3,15.08,,10.03,6.14,7.59,7.77,11.02,13.28,8.22,8.94,,6.77,9.12,14.63,12.01,11.02,,14.18,4.88,10.39,9.39,8.31,10.12,10.12,6.41,6.05,7.13,11.02,8.04,11.2,8.67,5.24,,11.2,10.48,,20.41,8.58,,5.06,,,4.06,9.48,7.86,6.5,7.04,8.31,,5.42,10.75,7.59,8.22,4.25,10.12,11.02,11.65,6.41,9.12,9.94,9.39,10.21,10.75,8.04,9.21,12.46,5.51,,6.5,4.79,,92.0
South Dakota,2020-03-09,12.65,,5.78,9.76,6.02,,15.06,13.37,8.79,5.78,13.13,7.11,,7.23,,14.1,,15.3,8.19,10.24,10.0,5.06,55.78,11.2,,,7.47,10.72,8.55,10.84,12.77,13.37,9.28,13.85,10.84,,8.79,7.59,11.93,11.69,12.41,,12.77,,,5.42,13.85,7.35,9.64,9.64,11.69,5.66,8.19,,9.28,8.19,12.77,26.14,9.76,,7.83,19.39,,,7.47,10.48,13.61,,7.23,10.36,15.66,10.96,16.38,11.44,8.31,,12.89,12.53,,9.64,11.81,5.3,7.83,,,,9.16,8.79,7.23,,10.72,,7.83,,9.28,4.82,10.36,10.0,16.14,,7.47,12.89,15.66,10.12,10.12,11.93,9.28,,10.72,7.95,,9.28,25.9,,0.0
South Dakota,2020-03-16,8.96,6.75,7.24,9.94,8.1,11.66,7.0,10.06,14.24,,8.84,7.36,,11.9,,6.87,,19.15,11.78,7.36,11.54,9.33,61.36,9.08,7.49,,,6.14,9.21,7.73,8.84,10.19,5.03,9.82,9.7,,5.4,9.08,8.1,11.05,10.8,,11.05,,,10.43,12.52,6.26,11.78,10.43,13.13,7.61,9.33,,8.59,9.45,11.05,20.0,8.84,,9.94,16.2,,,7.61,11.54,13.26,4.91,9.08,10.55,12.27,7.49,13.13,5.52,7.73,,10.8,7.73,,10.55,9.21,,7.73,,,,7.24,6.26,6.87,8.71,11.54,,9.57,,6.26,7.12,13.01,7.12,15.46,,10.31,17.3,9.45,9.57,10.55,12.89,10.55,,11.41,7.49,,10.31,24.79,,0.0
South Dakota,2020-03-23,9.63,14.85,7.25,9.63,4.76,36.95,10.09,11.56,18.36,9.75,10.77,11.11,,12.24,,9.86,,26.41,13.37,5.21,11.67,6.91,42.84,9.41,,,8.61,13.83,8.05,11.56,10.2,13.37,9.52,13.83,7.48,,6.01,9.07,9.41,8.05,12.35,,7.37,,,20.74,9.52,8.84,,10.77,6.91,5.78,7.25,,5.89,8.84,12.13,16.66,10.99,,7.59,9.86,,,10.88,11.33,12.13,,9.41,8.5,17.68,8.16,12.13,6.91,13.71,,14.62,12.35,,14.51,8.95,,5.78,,,4.76,10.43,7.37,10.2,6.01,8.5,,10.54,,12.47,9.18,13.94,7.25,19.15,,10.65,10.99,10.43,13.94,10.2,9.63,9.41,,11.9,6.23,,6.23,20.17,,0.0
South Dakota,2020-03-30,9.21,9.88,7.52,11.0,4.94,24.58,4.94,14.82,14.26,8.64,9.99,15.15,,8.42,,12.01,,13.58,10.66,6.51,10.44,10.55,30.87,11.0,7.63,,,12.68,7.86,10.1,11.67,9.99,8.42,12.8,5.61,,4.6,9.65,8.98,9.21,13.25,,11.45,,,7.63,8.31,7.86,9.32,11.0,9.77,9.65,9.88,,5.72,15.6,17.4,15.94,11.34,,10.33,8.87,,,11.11,14.03,11.0,5.16,7.86,9.21,17.06,8.76,11.9,11.56,12.12,,10.1,12.46,,12.23,10.21,,6.29,,,5.84,11.79,7.86,9.32,6.51,13.02,,13.58,,9.88,6.62,12.8,8.53,13.92,,9.65,10.66,10.44,19.76,11.45,8.19,10.89,,8.31,7.18,,10.78,16.28,,0.0
South Dakota,2020-04-06,11.41,10.03,6.8,9.46,4.73,16.95,,19.37,15.45,8.3,13.84,8.76,,9.34,,9.92,,19.14,11.64,6.23,10.03,6.34,21.68,10.26,,,,11.07,8.07,12.11,8.88,8.19,10.95,14.99,7.84,,5.88,7.5,,7.38,11.41,,15.34,,,10.95,8.53,9.69,7.15,11.53,9.69,6.23,7.5,,7.72,14.53,14.87,12.91,12.57,,7.84,5.42,,,6.8,10.15,7.84,7.96,6.8,8.65,13.26,12.22,10.84,8.88,9.34,,8.53,9.92,,14.07,11.53,,5.42,,,,9.69,8.99,10.95,5.65,13.61,,8.99,,9.8,10.95,10.03,7.38,12.45,,10.15,10.38,10.26,11.07,13.61,7.15,11.53,,8.76,7.96,,8.3,8.07,,22.0
South Dakota,2020-04-13,10.41,10.41,,11.64,4.81,16.68,5.37,14.22,12.43,5.71,11.53,9.52,,11.08,,13.21,,13.1,11.42,6.05,4.48,4.81,15.12,12.65,9.29,,,15.34,9.96,10.19,11.53,10.86,5.26,13.55,6.72,,8.29,7.84,11.2,10.3,15.23,,14.89,,,9.74,8.96,10.08,8.4,11.98,10.97,10.3,8.29,,9.18,11.53,10.86,11.64,6.83,,9.74,6.94,,,10.97,11.08,12.32,7.95,10.08,4.81,15.23,10.97,12.65,11.53,13.21,,6.49,9.74,,8.62,13.32,,,,,6.16,12.65,9.63,18.81,7.39,14.89,,9.07,,4.48,8.17,6.05,7.17,11.31,,9.07,6.49,10.64,8.73,14.11,8.73,11.64,,11.64,5.37,,7.17,,,21.0
South Dakota,2020-04-20,7.64,8.69,9.96,10.43,4.75,14.83,4.63,12.74,12.28,8.92,11.0,12.28,,8.34,,12.97,,9.73,15.06,7.18,5.1,6.6,14.36,7.88,8.46,,6.95,12.86,11.93,15.17,11.81,6.72,8.22,10.31,9.04,,9.15,12.51,9.5,6.95,10.89,,12.62,,,11.47,8.34,9.73,7.76,10.31,7.41,7.18,8.92,,7.76,10.54,11.81,14.02,13.2,,11.12,5.21,,,8.69,11.7,11.35,6.37,9.15,10.66,16.33,11.58,12.97,11.81,11.12,,10.77,9.96,,8.11,14.36,22.12,9.85,,,,14.36,10.66,8.8,7.53,10.54,,9.73,,15.4,9.85,7.64,8.11,16.45,,10.66,5.21,9.27,11.58,14.25,7.99,14.83,,12.39,6.83,,9.38,,,31.0
South Dakota,2020-04-27,11.12,7.93,7.69,16.69,5.8,14.44,,14.08,12.19,6.98,12.19,10.89,,8.28,,12.31,,13.14,14.08,8.17,,7.22,9.7,10.3,6.86,,5.56,9.47,9.35,11.6,12.19,7.46,,13.73,10.41,,8.76,11.84,11.72,10.06,12.19,,12.43,,,10.77,8.64,5.09,11.72,8.88,11.95,10.41,9.7,,6.86,12.43,12.54,11.95,8.64,,11.95,,,,14.2,9.59,10.41,6.86,9.47,11.36,14.91,8.76,12.9,9.94,10.18,,10.18,9.82,,6.04,12.54,28.05,,,,6.04,11.12,8.64,6.39,6.63,11.24,,7.69,,7.34,10.41,7.1,10.06,10.77,,7.57,8.64,14.91,10.89,10.65,10.53,11.95,,8.88,6.39,,7.34,,,61.0
South Dakota,2020-05-04,11.41,9.56,11.87,14.06,,7.03,6.34,11.06,9.33,9.1,13.14,8.41,,6.91,,10.37,,17.63,17.86,5.53,4.61,7.38,12.56,12.21,7.72,,,12.45,9.1,14.63,11.64,8.99,9.33,12.1,9.79,,11.75,12.1,10.95,9.22,9.33,,15.9,,,7.95,7.14,10.14,10.03,13.25,13.02,20.63,7.61,,8.07,12.91,11.52,10.6,9.91,,11.41,5.42,,,12.79,11.75,9.33,,7.03,11.87,13.48,8.18,14.52,8.76,9.22,,12.1,12.45,,10.26,8.41,10.26,8.53,,,5.99,12.45,8.3,,7.72,12.68,,7.26,,7.84,8.76,5.18,8.3,13.37,,12.33,7.03,10.6,10.95,13.6,12.1,12.91,,9.79,7.49,,8.53,,,62.0
South Dakota,2020-05-11,10.1,11.62,7.04,6.58,,9.16,,10.8,8.45,6.69,12.33,5.75,,6.81,,9.63,,72.91,15.03,8.69,5.75,8.57,10.92,7.4,8.1,,,10.8,8.69,15.03,14.32,7.63,11.39,15.62,9.74,,8.1,8.1,11.39,7.16,10.8,,12.91,,,6.58,11.39,7.51,6.34,10.45,8.34,16.55,14.68,,8.92,10.92,9.16,13.62,8.69,,9.63,5.4,,,9.28,7.63,10.92,8.69,10.92,10.45,11.98,8.69,10.57,11.27,6.69,,15.5,9.28,,8.34,13.74,6.69,5.28,,,5.52,8.34,5.17,5.17,8.45,13.62,,7.16,,10.57,7.4,4.93,10.8,12.33,,8.22,6.81,9.63,10.33,9.16,9.51,12.68,,13.86,7.16,,6.69,,,64.0
South Dakota,2020-05-18,12.94,9.42,5.4,9.67,,13.81,,13.94,9.29,8.16,12.43,8.54,,8.04,,12.68,,16.58,18.71,6.15,,6.28,9.79,9.79,8.04,,6.91,8.54,6.41,10.93,12.18,8.54,11.05,11.68,11.93,,7.28,12.31,10.8,13.44,10.05,,10.17,,,5.65,,6.15,5.78,12.94,11.05,13.81,6.66,,8.41,9.92,8.66,11.05,10.05,,12.31,,,,12.06,7.28,9.04,5.53,8.16,6.28,15.2,10.55,10.42,12.68,9.79,,15.45,12.56,,8.41,11.8,17.33,9.79,,,,8.54,7.91,6.03,8.54,9.54,,5.27,,9.42,8.79,5.15,7.54,8.29,,9.17,6.91,9.54,7.03,10.67,10.55,9.92,,9.67,6.66,,8.41,,,51.0
South Dakota,2020-05-25,10.22,9.96,,10.73,6.9,8.43,,28.61,6.0,7.54,9.71,7.92,,,,7.66,,34.23,8.18,9.96,5.88,9.45,7.15,7.54,6.77,,5.75,9.96,8.18,13.16,14.43,8.56,9.32,9.84,12.39,,9.2,5.75,9.71,13.92,10.22,,10.35,,,5.62,,12.52,10.73,9.45,10.47,7.54,7.15,,8.69,8.94,10.35,7.28,10.6,,10.35,5.37,,,11.24,12.13,9.84,6.13,5.88,11.88,9.96,11.37,14.05,8.69,12.13,,15.46,12.65,,6.0,13.54,34.36,7.28,,,,,7.41,7.41,5.88,13.03,,8.3,,,,5.49,7.28,14.43,,6.64,6.9,8.81,8.43,10.86,10.35,12.52,,10.47,9.07,,9.2,,,52.0
South Dakota,2020-06-01,12.03,9.49,12.91,11.65,5.19,8.99,,100.0,9.11,5.19,10.38,10.76,,,,9.62,,12.4,9.87,7.97,,6.08,7.72,7.47,7.72,,6.46,9.37,10.0,12.66,12.79,8.48,9.87,12.15,13.92,,9.49,5.57,10.0,10.76,7.85,,12.15,,,,6.33,7.47,10.0,10.63,10.63,5.06,9.75,,9.11,8.1,11.9,6.96,6.58,,14.81,7.09,,,8.48,8.99,11.01,6.58,,15.06,13.04,6.71,14.18,8.23,9.62,,17.47,18.35,,7.09,15.19,46.2,9.24,,,6.2,11.14,6.46,,6.46,10.89,,9.62,,7.85,6.96,5.7,8.61,11.01,,6.33,6.96,10.89,6.96,10.13,11.27,8.73,,7.72,6.46,,,,,68.0
South Dakota,2020-06-08,13.59,8.81,12.34,9.94,,11.71,,13.22,8.18,9.69,9.94,7.55,,6.67,,6.67,,12.71,11.83,9.82,,10.57,10.82,,7.05,,8.56,9.69,9.94,13.09,13.72,7.3,12.84,14.22,15.61,,7.55,9.57,8.81,13.34,8.94,,9.94,,,6.29,6.92,9.57,8.18,9.57,12.71,7.17,9.69,,7.05,8.56,13.59,7.93,9.94,,13.47,5.04,,,11.96,9.94,15.98,6.67,7.93,13.09,12.71,10.32,15.36,14.22,12.59,,14.47,12.71,,9.19,12.08,42.42,6.54,,,,16.24,6.92,7.68,,8.56,,8.05,,8.18,7.05,5.41,8.05,11.83,,6.92,,6.92,9.57,9.06,13.47,9.69,,9.69,5.54,,6.17,5.29,,46.0
South Dakota,2020-06-15,8.79,9.29,8.66,16.44,,7.78,,12.43,13.93,10.67,13.05,9.04,,,,10.67,,10.67,9.54,12.68,,7.91,12.93,6.4,5.27,,7.41,13.68,11.05,14.31,12.93,7.28,11.55,13.68,12.3,,8.29,8.29,12.3,14.31,10.54,,12.8,,,6.53,,9.16,,9.79,5.65,10.67,8.41,,7.28,7.53,9.66,8.66,8.29,,11.05,,,,11.3,18.08,14.06,,8.16,14.69,13.05,9.04,12.43,10.29,7.66,,19.96,9.16,,9.04,18.2,28.49,8.91,,,7.66,15.19,8.66,8.66,6.03,10.54,,10.42,,6.4,7.41,,7.91,12.3,,5.9,6.53,13.68,8.79,10.67,14.69,15.19,,12.05,8.41,,9.41,,,61.0
South Dakota,2020-06-22,11.7,8.18,8.05,14.97,6.67,5.28,,10.94,9.94,8.18,13.71,9.56,,,,10.44,,13.71,12.2,7.55,,7.55,12.33,8.93,,,9.06,11.7,12.07,14.84,12.33,7.92,11.07,16.1,13.46,,9.56,11.19,11.19,9.18,11.57,,12.7,,,6.16,10.56,11.57,7.29,10.69,7.8,9.69,6.79,,8.68,7.55,12.07,10.06,9.31,,12.07,7.04,,,10.06,11.7,10.82,8.3,10.44,11.07,12.07,12.07,13.96,9.43,9.56,,18.49,10.69,,12.96,12.7,25.41,11.95,,,,9.56,8.55,,5.66,11.57,,9.18,,7.17,8.43,,6.04,15.34,,6.41,6.67,13.21,7.8,11.32,12.58,11.57,,10.56,8.68,,7.8,6.29,,69.0
South Dakota,2020-06-29,15.81,9.33,,10.88,,9.07,,9.59,8.16,,12.96,9.59,,9.07,,8.94,,11.02,12.83,7.64,5.57,8.68,13.74,7.52,8.42,,7.13,11.02,11.66,10.11,13.48,,11.4,13.74,13.35,,8.68,12.96,12.83,10.76,6.87,,11.79,,,5.83,,8.94,6.74,9.59,10.88,8.03,7.78,,6.61,7.64,10.24,8.29,12.7,,9.33,,,,11.4,9.07,11.53,7.13,8.81,11.02,13.09,9.85,10.76,10.88,7.26,,13.87,12.31,,6.61,16.33,39.26,,,,,6.22,11.53,5.96,6.87,13.61,,10.5,,7.13,12.83,,7.13,9.98,,5.31,5.44,13.22,9.59,12.05,11.14,9.59,,10.88,7.26,,7.26,5.44,,44.0
South Dakota,2020-07-06,12.46,14.07,6.42,12.83,,13.82,7.03,8.88,11.47,9.13,10.98,4.93,,6.42,,12.71,,12.46,15.18,7.28,6.42,7.03,12.96,6.79,9.62,,7.03,12.46,10.49,12.59,15.67,7.9,9.99,11.35,14.19,,11.23,11.72,12.83,11.47,9.75,,13.33,,,,6.79,7.65,9.75,13.82,12.34,8.39,10.49,,6.17,10.49,11.47,11.97,12.59,,11.6,5.18,,,14.44,10.49,6.91,7.16,8.27,7.77,15.79,11.11,14.81,10.49,5.92,,15.05,9.99,,10.36,11.23,32.2,8.39,,,5.92,9.75,8.27,7.16,6.54,9.38,,7.65,,5.8,10.61,7.4,7.4,13.45,,7.53,6.79,12.83,9.38,9.25,13.2,10.61,,9.25,9.38,,7.77,,,39.0
South Dakota,2020-07-13,9.85,16.5,7.02,11.21,,15.15,5.29,10.47,9.48,9.24,13.05,13.42,,12.31,,10.84,,12.19,14.53,9.36,6.03,8.25,15.27,6.9,8.0,,9.48,12.31,10.22,14.78,17.73,5.67,11.95,10.59,11.21,,12.81,10.96,15.15,10.1,12.68,,12.31,,,,,6.77,9.85,16.62,8.0,10.34,14.65,,10.96,9.97,12.44,10.96,12.44,,12.56,,,,8.37,10.1,12.44,6.9,10.59,10.59,14.53,13.67,13.67,11.57,11.33,,16.01,19.46,,5.79,12.68,18.84,8.87,,,5.54,10.96,5.17,9.36,8.62,16.62,,7.14,,6.53,7.76,4.93,5.17,13.42,,5.17,,12.68,8.62,10.96,18.35,8.5,,13.79,6.77,,9.48,,,47.0
South Dakota,2020-07-20,12.1,15.56,,11.49,6.55,13.83,,9.26,9.26,9.26,12.72,8.4,,7.66,,10.5,,10.75,13.96,10.01,,8.03,11.12,7.04,6.18,,8.65,14.33,10.25,14.7,13.71,8.15,9.76,13.22,13.59,,11.86,10.62,15.19,11.36,12.23,,14.2,,,,6.42,9.14,13.59,12.6,9.14,10.01,7.91,,9.51,7.91,12.6,9.02,16.55,,12.23,6.92,,,12.1,9.26,9.14,5.06,6.79,12.1,15.81,11.73,11.49,8.15,8.03,,15.69,15.56,,15.07,12.47,15.81,9.39,,,,8.52,9.14,8.4,6.18,12.72,,10.01,,9.51,10.13,6.05,,13.83,,7.41,,10.62,10.5,9.26,12.72,8.4,,10.99,,,9.14,,,36.0
South Dakota,2020-07-27,11.89,15.24,,12.39,7.93,17.84,8.18,9.91,9.04,6.94,13.13,9.79,,5.7,,10.41,,10.41,13.75,11.4,,7.19,14.87,7.06,9.29,,9.91,18.96,11.4,14.25,10.41,6.44,11.03,12.39,11.15,,11.89,10.78,11.15,12.27,12.39,,12.89,,,,,8.92,9.66,7.81,10.16,5.33,12.02,,6.57,9.04,10.66,9.42,11.4,,12.02,6.69,,,10.9,9.42,7.93,,9.29,14.13,11.65,13.75,13.75,10.41,11.28,,19.7,8.3,,10.16,14.13,15.37,7.31,,,,11.89,10.16,5.82,6.82,9.79,,7.68,,5.82,9.29,5.95,9.04,14.5,,5.95,5.08,9.29,12.02,12.52,8.43,8.92,,14.5,5.82,,9.29,,,27.0
South Dakota,2020-08-03,9.51,15.85,5.97,7.68,5.97,15.36,,12.68,8.17,6.09,11.58,10.24,,9.02,,11.09,,14.75,12.19,9.75,,5.85,11.7,6.58,12.43,,9.75,14.38,13.9,16.58,11.46,8.17,14.26,12.68,14.99,,8.53,11.7,14.38,12.68,10.73,,11.58,,,8.41,6.83,8.04,8.9,11.46,12.31,8.04,14.26,,10.24,7.44,10.61,10.24,12.19,,10.97,7.8,,,9.87,8.53,8.04,7.19,9.14,12.19,11.95,8.53,10.73,11.82,8.78,,21.94,11.95,,9.39,9.75,12.8,9.26,,,,12.19,7.92,6.71,5.36,14.63,,6.22,,9.87,9.87,,6.95,14.38,,,5.0,8.9,9.39,11.46,16.94,8.53,,19.02,,,11.21,,,34.0
South Dakota,2020-08-10,10.89,14.52,4.96,11.98,,15.97,,8.23,10.29,7.74,12.1,6.41,,5.2,,10.04,,7.38,11.98,9.44,,6.66,13.31,5.69,11.37,,5.81,13.67,10.41,12.95,10.29,10.65,10.41,13.67,12.34,,9.44,10.16,16.34,12.34,7.74,,9.56,,,5.45,7.62,8.71,7.87,11.86,13.07,7.5,7.62,,6.17,5.69,11.25,10.29,12.95,,12.83,7.02,,,11.49,11.25,8.95,7.38,7.38,11.74,8.83,11.86,12.1,7.87,8.11,,16.21,13.79,,6.9,8.83,13.19,8.83,,,5.45,7.99,8.35,5.57,,11.01,,7.87,,5.45,8.23,,5.2,13.07,,5.45,5.08,8.35,9.2,12.58,12.1,10.77,,13.55,7.14,,8.11,,,41.0
South Dakota,2020-08-17,8.35,16.11,10.94,12.11,,19.17,4.82,12.47,11.53,9.76,11.76,9.88,,7.41,,14.82,,8.94,13.05,8.94,,8.23,12.47,5.64,10.82,,6.35,13.88,10.47,17.29,12.23,10.23,8.59,12.94,13.05,,8.59,10.35,12.11,8.7,8.82,,12.47,,,7.64,,4.82,6.82,8.23,9.76,6.0,10.82,,9.29,9.06,9.41,9.17,7.88,,10.0,8.82,,,14.23,9.88,10.35,5.29,12.0,10.12,8.7,10.35,12.7,12.47,10.35,,19.17,11.29,,9.76,11.88,10.12,8.12,,,,9.64,8.0,,7.06,8.59,,7.29,,6.94,7.17,5.06,6.7,10.23,,,8.94,9.41,8.94,11.76,13.76,9.29,,15.29,8.12,,12.94,,,40.0
South Dakota,2020-08-24,13.17,28.01,10.6,10.71,6.03,26.33,5.02,10.15,8.37,7.59,8.26,8.7,,6.47,,12.39,,13.84,12.72,8.26,7.37,9.37,10.71,8.93,7.25,,8.7,14.95,10.49,14.84,13.17,8.81,9.48,14.95,10.71,,9.15,9.93,11.16,10.6,8.37,,13.28,,,,6.81,9.04,7.14,11.94,13.84,7.7,14.51,,6.47,6.58,14.28,11.16,10.15,,8.7,4.8,,,9.71,16.74,10.04,7.48,9.04,9.37,10.49,10.38,11.94,10.27,8.03,,16.52,10.82,,10.71,11.94,5.25,6.47,,,5.58,10.82,12.05,7.14,7.92,8.03,,7.7,,8.48,7.7,6.47,8.81,16.07,,7.92,6.03,11.16,8.81,11.38,12.28,9.04,,9.15,6.92,,8.81,,,43.0
South Dakota,2020-08-31,10.56,24.88,10.34,13.74,6.82,29.42,6.93,13.18,9.88,8.06,12.49,10.0,,7.84,,14.09,,14.43,12.38,11.02,9.54,7.04,16.47,11.81,7.5,,6.47,22.15,8.52,14.88,14.88,6.47,8.4,14.88,13.4,,9.31,11.59,12.72,9.88,11.13,,9.09,,,7.38,8.75,8.97,10.45,18.17,14.54,10.0,8.86,,6.25,10.34,15.45,11.36,10.34,,12.61,5.57,,,13.52,15.11,12.72,6.36,8.86,7.38,18.97,13.06,14.09,12.04,8.86,,19.42,8.52,,8.18,10.22,7.5,8.29,,,4.88,10.11,10.79,5.91,7.27,8.97,,5.11,,13.63,11.02,6.25,10.11,15.56,,12.15,7.95,11.36,13.4,11.7,13.4,8.52,,11.59,6.82,,11.02,,,58.0
South Dakota,2020-09-07,15.67,23.78,5.56,12.22,6.56,23.67,4.67,10.33,12.11,7.67,14.0,9.67,,6.11,,12.78,,16.22,18.78,8.67,6.89,6.0,16.45,11.22,10.22,,10.11,15.45,8.67,15.78,10.78,6.22,12.33,13.0,11.67,,8.89,10.0,12.33,8.33,7.11,,13.89,,,15.45,7.45,7.0,8.56,15.22,9.33,9.56,8.33,,9.89,8.89,13.89,11.56,7.89,,10.22,,,,10.11,15.78,14.11,7.89,14.11,10.78,14.45,10.67,12.56,10.33,9.45,,15.22,11.11,,9.45,10.11,,7.78,,,6.56,12.78,9.11,4.45,8.0,11.67,,7.45,,11.45,8.22,5.33,8.67,11.78,,8.0,7.78,10.33,13.67,10.22,10.22,8.33,,11.45,4.67,,9.56,,,62.0
South Dakota,2020-09-14,7.94,22.94,7.17,10.48,4.41,28.57,7.17,11.03,10.7,10.04,13.57,10.15,,5.84,,12.9,,13.46,12.57,9.04,11.47,7.94,16.1,7.61,9.6,,5.4,17.87,9.82,18.75,12.13,5.74,10.37,16.43,9.93,,9.71,7.61,14.01,8.6,8.82,,12.68,,,13.35,8.71,10.59,6.73,14.34,16.1,7.94,13.79,,8.6,8.16,15.0,11.8,8.49,,12.9,8.38,,,8.49,10.7,12.68,6.29,6.73,10.15,14.34,10.04,18.42,10.48,9.15,,14.12,12.68,,10.15,14.45,,9.04,,,,10.59,9.27,7.83,6.73,10.37,,7.83,,5.96,11.14,7.28,10.59,13.35,,9.71,9.38,10.48,11.25,11.69,12.68,10.7,,13.46,6.84,,12.46,4.85,,86.0
South Dakota,2020-09-21,12.27,27.42,,8.4,,30.84,6.96,7.19,12.6,6.74,13.6,9.18,,,,12.82,,13.16,11.06,11.17,8.51,8.29,14.59,9.51,10.61,,8.51,18.57,6.74,18.57,13.6,9.95,12.49,15.7,10.61,,7.96,10.5,11.28,9.4,10.17,,10.95,,,13.82,8.07,9.07,13.27,12.05,11.17,11.5,8.96,,8.18,7.74,14.15,12.6,10.06,,15.37,,,,11.5,10.95,15.37,5.75,6.74,12.82,15.15,10.61,14.15,12.49,7.3,,18.24,10.95,,9.51,14.15,,9.07,,,7.08,11.06,13.27,8.62,9.73,11.5,,7.85,,7.3,9.4,5.42,13.82,15.26,,10.06,8.96,14.7,12.6,13.93,11.39,9.95,,7.96,8.18,,13.16,6.86,,123.0
South Dakota,2020-09-28,26.51,28.17,4.55,11.87,5.32,30.17,4.66,8.21,13.09,8.43,11.98,12.76,,8.32,,9.1,,13.2,15.75,9.21,7.76,7.1,21.07,10.54,10.2,,14.2,17.3,5.21,23.62,15.86,7.88,14.09,13.97,6.54,,9.43,8.54,13.09,8.76,6.66,,15.42,,,7.88,7.76,10.31,8.32,17.08,13.31,10.87,10.65,,8.1,12.53,12.53,14.09,14.09,,14.42,5.66,,,13.09,16.97,13.2,6.21,8.43,11.09,12.98,11.54,14.75,11.54,10.09,,14.97,12.76,,13.42,8.87,,8.54,,,,11.65,9.76,7.88,8.21,12.64,,6.66,,9.54,5.77,,9.43,13.42,,15.31,5.66,11.54,8.76,13.53,10.09,11.09,,15.42,5.88,,8.98,5.1,,185.0
Vermont,2020-03-09,16.75,,7.03,9.27,6.73,6.28,11.81,7.92,11.51,8.52,14.5,10.17,10.62,8.67,15.4,20.04,14.95,20.18,10.47,6.13,14.35,6.28,58.91,9.12,11.06,16.6,6.73,10.02,11.36,15.4,9.27,10.02,12.56,10.77,9.87,14.05,12.11,13.9,6.43,7.78,9.87,16.3,10.62,16.3,7.78,,15.7,6.28,11.81,16.6,11.36,,,16.15,7.18,12.11,12.11,24.82,18.39,,14.65,22.13,7.33,22.13,9.27,10.32,13.16,8.97,9.12,13.01,20.48,10.17,10.62,10.32,9.42,17.64,16.15,10.02,,10.62,9.42,6.28,11.06,,,,9.72,9.12,13.46,8.07,13.76,,8.67,,11.36,17.05,6.88,9.12,17.05,37.98,7.92,15.25,20.04,10.47,,14.35,10.91,59.51,13.46,7.33,,9.87,32.45,,0.0
Vermont,2020-03-16,10.24,10.83,,9.66,6.88,23.85,6.58,12.44,13.31,,12.0,8.34,11.41,10.68,11.85,6.88,13.61,12.73,6.0,9.36,11.12,6.29,62.18,7.9,10.68,14.92,12.0,18.58,10.24,13.17,7.75,10.83,11.7,16.97,,9.07,,9.66,6.14,8.34,12.73,16.24,12.14,14.92,15.65,9.95,18.14,11.12,11.7,10.1,7.32,9.66,13.61,13.02,,13.9,9.66,28.97,11.27,,9.8,16.24,,16.53,,9.66,16.09,6.88,7.61,13.17,17.85,12.29,15.65,9.66,9.36,12.29,,10.83,,9.66,8.93,,9.51,,,,11.12,8.34,8.19,6.44,17.85,,7.02,11.85,15.07,11.7,19.46,7.61,13.46,36.43,9.8,13.02,10.83,12.29,12.88,9.8,10.1,76.96,11.27,,,8.19,22.68,,0.0
Vermont,2020-03-23,16.55,38.16,,7.58,,94.7,7.72,9.26,11.64,7.01,13.33,10.24,12.35,9.4,11.36,11.64,12.63,19.22,7.86,7.58,11.5,9.12,43.63,11.64,8.42,11.22,7.44,23.85,8.14,14.87,7.72,12.07,10.38,13.05,11.64,13.19,9.54,11.36,9.26,6.88,20.34,12.21,14.31,12.21,13.47,19.78,12.63,7.86,11.79,13.89,13.05,8.84,,13.61,7.72,13.75,12.63,19.36,10.38,,11.36,9.68,9.26,14.73,,9.68,11.64,7.72,7.29,9.68,14.31,11.22,7.44,10.8,15.43,10.66,10.1,13.33,,12.21,8.7,,10.38,,,7.01,9.26,8.98,13.47,6.59,9.82,,10.94,10.66,11.93,10.1,17.26,8.56,9.96,25.53,10.24,11.64,8.84,12.35,15.57,11.22,8.84,42.09,9.82,,,6.73,17.12,,0.0
Vermont,2020-03-30,13.86,19.6,6.02,12.6,6.86,45.08,7.0,15.26,13.16,10.36,10.5,11.9,12.04,7.56,14.42,8.26,13.86,14.56,12.6,,10.92,9.94,27.16,11.34,14.14,19.18,8.82,17.5,8.26,12.32,10.92,9.8,9.94,15.54,7.0,10.22,6.44,10.22,6.3,10.78,10.36,9.66,13.58,14.14,15.12,7.14,9.94,10.22,12.46,13.16,10.5,9.52,,9.1,8.54,9.66,14.56,17.78,15.54,,9.38,6.16,9.38,15.96,10.08,9.94,13.72,9.52,9.38,8.54,17.92,12.04,14.56,11.9,12.18,9.52,10.22,14.56,,10.36,10.5,,10.08,,,6.44,9.38,8.54,10.22,10.64,10.64,,8.54,8.12,14.28,12.74,14.7,10.78,6.72,25.62,10.22,15.82,6.3,11.06,10.78,8.96,9.8,24.92,9.24,6.16,,8.68,12.32,,18.0
Vermont,2020-04-06,10.34,21.1,6.37,10.2,,29.32,6.94,12.75,8.64,10.05,13.88,13.88,11.76,9.21,13.88,9.91,17.56,21.95,11.76,6.94,12.32,9.21,15.44,10.9,10.05,12.89,5.81,28.32,10.9,14.02,11.19,9.06,13.6,19.26,,13.31,6.8,12.18,12.6,11.61,14.16,13.31,12.46,13.74,10.9,9.63,8.07,9.21,11.19,17.28,9.35,7.93,10.05,13.88,12.04,15.44,15.86,14.59,12.32,,12.46,,9.06,18.55,11.76,7.51,12.46,8.21,,8.5,15.58,9.77,13.31,10.62,15.01,8.07,12.75,13.17,,10.05,13.88,,8.07,,,,12.32,6.8,14.45,8.21,13.74,,8.07,14.3,12.89,14.02,6.66,5.95,11.33,21.67,12.32,14.3,10.05,10.62,15.15,8.92,12.75,17.7,9.21,,,8.64,10.9,,27.0
Vermont,2020-04-13,12.1,8.72,,9.71,7.6,19.13,7.74,13.08,9.0,11.26,12.94,13.37,10.69,8.86,15.2,11.54,13.37,11.68,9.99,8.44,6.89,9.14,14.49,11.68,7.17,12.1,8.72,14.49,6.75,13.37,12.1,9.29,10.83,14.49,5.91,16.04,7.74,10.41,11.96,8.44,6.75,12.66,18.85,14.91,13.22,8.02,6.75,12.24,10.83,9.14,11.12,10.13,8.16,13.79,8.02,8.02,13.51,14.49,17.45,,14.77,,9.14,15.62,9.43,7.46,18.57,8.86,8.72,14.21,11.96,10.13,12.8,14.21,16.18,10.97,11.54,13.65,,13.37,14.21,,6.89,,,,13.51,9.0,13.65,6.61,14.07,,12.94,8.3,10.97,11.12,7.74,10.97,16.32,16.04,13.93,6.61,10.41,9.57,17.3,10.27,15.2,19.13,7.74,8.58,,6.89,8.44,,-45.0
Vermont,2020-04-20,14.51,11.03,,9.29,7.54,16.11,,13.2,13.49,8.85,11.32,14.8,10.16,,16.11,11.03,14.65,14.51,9.14,10.16,,12.48,12.91,11.46,12.91,14.95,7.98,12.77,7.11,20.17,13.49,8.13,7.25,13.79,10.59,13.06,10.16,10.16,15.67,10.01,11.32,6.53,15.38,15.24,13.49,,9.29,15.24,13.64,11.32,13.64,9.0,9.0,13.64,7.98,15.24,12.33,10.59,13.06,,10.3,7.54,10.01,15.96,7.98,9.43,13.06,8.27,7.4,12.19,14.8,9.43,14.07,11.03,17.56,12.04,10.16,15.53,,14.22,12.62,6.67,5.95,,,10.16,14.8,11.46,12.33,8.27,13.93,,,15.38,13.64,16.83,7.54,,12.48,18.14,8.71,9.0,10.45,14.07,14.8,8.71,13.06,16.83,12.91,7.11,,,,,0.0
Vermont,2020-04-27,12.94,14.1,,11.63,,12.21,,10.61,14.25,14.39,16.43,18.17,15.85,,11.63,13.23,16.28,18.76,9.89,8.72,,6.4,11.05,9.89,12.36,13.67,9.3,15.27,10.03,16.14,12.79,7.56,12.94,15.7,12.36,18.32,16.72,8.58,11.49,10.9,12.07,9.3,15.99,18.03,14.1,9.16,6.69,9.01,11.49,12.07,12.94,9.45,9.45,11.49,8.0,13.23,15.41,11.49,14.98,,12.36,8.87,9.6,19.92,9.45,8.29,14.1,,8.43,12.5,8.72,9.6,14.69,14.69,14.25,10.18,10.18,12.94,,12.36,11.63,12.21,9.6,,,7.71,9.3,8.72,7.27,10.9,20.06,,12.79,17.3,11.92,13.38,8.14,11.63,10.47,11.2,13.23,7.12,11.2,11.92,12.07,11.92,14.69,14.54,10.03,7.85,,9.45,8.29,,0.0
Vermont,2020-05-04,15.48,7.88,7.74,8.31,6.59,8.6,7.88,12.9,10.32,8.03,14.47,16.62,13.62,,13.47,7.31,14.62,16.77,12.76,9.6,,9.89,,12.32,10.03,11.18,6.88,13.19,9.31,18.2,11.32,10.46,15.34,16.05,13.62,17.34,10.46,12.61,13.62,11.46,12.32,17.91,17.91,18.77,11.32,10.03,6.88,9.17,13.19,13.76,11.61,19.92,10.61,11.04,10.18,15.19,14.47,15.62,13.76,,13.04,6.16,10.75,14.62,8.88,11.75,14.9,9.89,9.6,11.61,14.9,9.17,14.04,16.2,11.18,11.04,11.46,16.2,,10.75,13.9,17.48,12.04,,,9.46,14.62,10.89,8.17,10.03,11.61,,6.88,9.89,14.04,11.18,7.74,11.32,11.18,9.74,11.18,8.31,11.04,8.17,14.47,10.18,11.04,16.62,8.03,8.31,,8.88,,,0.0
Vermont,2020-05-11,10.34,17.33,,14.71,10.63,12.09,,11.51,15.44,9.18,10.2,14.56,12.23,5.83,15.88,10.2,15.44,15.88,15.88,8.45,8.3,11.07,,7.43,13.11,12.82,8.01,21.56,8.59,17.19,12.67,8.88,13.55,14.27,9.32,18.35,9.47,10.78,10.34,10.05,15.0,10.63,17.33,14.42,17.19,,,11.94,7.28,12.23,12.82,20.97,10.63,13.4,5.97,12.96,12.96,8.88,13.4,,16.46,7.57,13.11,14.71,7.57,11.07,9.76,9.61,12.38,11.21,16.02,8.45,11.8,9.03,14.13,12.53,12.38,13.11,,11.51,14.13,9.03,14.71,,,7.28,9.76,8.88,9.32,5.83,17.48,,10.05,11.36,14.71,9.18,7.14,8.88,12.09,12.96,11.51,7.14,13.4,10.78,15.59,11.51,11.94,15.44,8.3,,,10.2,,,0.0
Vermont,2020-05-18,16.44,42.47,14.76,11.26,10.81,43.68,,9.59,6.39,11.11,14.0,10.05,8.68,,13.24,6.24,12.63,14.76,10.65,8.98,7.76,6.85,,10.2,9.59,15.22,8.22,52.97,11.42,17.96,11.26,9.89,8.07,11.72,12.02,14.15,7.61,8.98,,10.2,12.63,12.02,13.7,15.98,11.57,10.2,,6.39,11.26,7.92,12.02,19.03,10.2,12.79,7.61,10.65,9.89,10.35,19.33,,15.37,,8.37,13.55,13.39,7.46,11.42,,7.76,16.29,15.98,,9.89,14.46,12.02,12.18,13.55,20.24,,9.44,15.98,100.0,15.07,,,6.24,10.65,6.85,7.76,7.46,14.92,,6.7,10.5,11.72,11.11,8.68,9.29,11.26,9.44,8.22,,14.31,9.29,15.22,11.11,9.74,14.31,9.13,,,,,,0.0
Vermont,2020-05-25,16.38,,10.72,9.68,,8.94,,18.92,7.75,8.19,15.34,11.92,8.49,,15.04,6.55,13.55,13.11,13.55,9.53,,9.09,,7.0,10.43,11.92,10.28,9.53,6.11,16.38,10.57,10.28,11.92,10.72,13.26,19.07,8.64,6.7,11.17,6.26,12.06,14.15,15.64,18.32,11.47,9.83,6.41,,9.38,11.32,11.02,17.73,9.09,9.83,8.49,11.32,13.85,8.64,15.34,,13.4,,8.04,14.75,7.45,7.89,14.75,9.23,6.55,20.26,15.49,7.6,13.4,15.04,8.34,13.11,15.94,16.83,,11.17,17.73,95.47,13.55,,,6.85,7.89,8.34,,8.19,13.55,,9.68,9.53,10.28,13.7,6.26,6.41,11.77,11.47,5.96,6.26,8.94,7.45,9.23,,9.38,9.09,11.32,7.75,,7.0,,,0.0
Vermont,2020-06-01,10.52,6.22,8.3,9.04,9.19,7.86,,67.43,10.97,7.41,17.64,10.37,10.67,,11.41,7.56,16.3,13.19,10.52,9.78,,11.71,,12.75,9.04,13.04,9.48,9.78,8.45,22.53,10.82,11.26,9.34,12.89,8.3,16.89,10.08,14.08,7.86,10.67,13.34,8.6,14.52,17.49,17.19,10.23,,8.89,8.0,16.89,7.26,9.63,,13.19,,7.41,11.56,9.48,14.38,,11.86,7.26,13.04,12.15,7.86,9.78,14.52,8.3,,19.27,18.97,8.0,14.23,14.52,,13.19,22.38,17.49,,12.45,13.34,20.3,9.04,,,,10.97,9.93,,8.6,14.38,,8.15,13.93,6.52,14.23,,11.26,12.75,11.26,6.37,6.82,12.01,8.74,9.93,12.01,11.71,11.41,7.71,5.93,,8.0,,,0.0
Vermont,2020-06-08,15.98,6.66,9.32,10.95,7.7,13.62,,13.47,12.88,12.73,16.28,11.69,8.88,,16.28,10.06,17.02,13.76,10.95,8.73,6.51,9.77,,8.29,7.84,18.65,10.65,10.21,12.43,14.95,13.47,14.5,11.84,15.39,9.91,15.98,11.39,13.47,13.76,8.73,11.1,18.05,14.36,13.76,16.28,12.43,,8.44,12.73,11.69,9.62,11.25,6.07,16.28,14.06,10.36,11.84,9.77,14.95,,16.13,,9.47,16.28,6.96,9.77,11.69,7.55,8.88,19.68,12.58,12.58,14.5,17.31,9.91,14.8,15.69,16.13,,9.62,15.69,21.75,6.51,,,,12.58,9.62,6.81,9.18,13.76,,5.92,13.47,11.39,10.8,,9.77,8.73,7.1,8.44,,13.17,7.1,13.32,18.5,9.62,10.8,8.14,7.84,,7.7,,,0.0
Vermont,2020-06-15,13.98,6.45,8.6,9.83,10.6,9.37,,12.29,12.44,10.14,14.9,12.13,13.52,6.91,17.05,6.3,14.9,13.21,10.29,9.52,,10.6,7.68,10.29,11.67,12.9,8.91,13.06,,24.58,12.13,6.91,13.21,12.75,11.06,19.2,11.37,11.83,13.98,12.29,8.91,12.75,11.06,17.2,15.05,9.06,6.91,9.22,9.98,12.6,12.29,9.06,8.6,15.82,,10.75,11.52,9.22,13.82,,14.59,,10.14,11.83,6.45,24.42,13.82,8.45,7.22,14.29,13.98,9.83,12.75,14.13,7.83,21.51,19.2,13.06,,10.75,17.36,46.54,11.21,,,,7.99,6.91,9.37,9.83,13.67,,7.53,13.21,11.21,15.98,6.76,9.06,14.59,8.29,6.3,,15.05,6.91,13.52,13.67,7.83,8.76,11.52,,,7.83,,,0.0
Vermont,2020-06-22,11.95,,,11.06,6.72,7.77,,14.19,15.09,,16.58,10.16,15.09,6.42,15.54,11.21,9.56,15.09,12.7,8.07,6.28,11.36,7.62,,11.5,12.1,10.31,9.56,15.69,16.58,14.79,7.62,10.01,17.18,13.3,15.99,12.1,10.91,16.88,9.71,10.16,12.25,12.4,14.04,11.95,7.62,,8.96,11.65,9.41,11.06,10.76,10.46,17.33,7.47,10.76,13.6,11.06,17.48,,18.97,,11.95,17.03,10.91,14.49,12.85,7.77,11.5,19.27,20.92,10.61,18.82,13.3,12.85,15.99,22.71,19.12,,10.31,13.89,42.58,7.47,,,,11.21,12.4,8.96,8.07,14.04,,9.71,11.5,11.36,8.81,,7.92,13.0,9.26,,,18.82,8.96,16.14,17.48,9.11,12.25,9.71,6.42,,8.52,,,0.0
Vermont,2020-06-29,14.32,7.24,,12.21,6.48,,,9.8,12.06,6.63,11.31,13.11,7.84,7.69,14.02,13.87,11.91,18.69,12.21,8.44,,6.33,7.54,,12.06,18.99,10.25,13.72,8.59,18.84,12.36,6.03,9.2,13.11,10.4,15.22,10.55,9.35,17.34,11.76,12.06,15.07,15.68,12.66,13.57,8.44,,6.78,8.29,10.7,9.5,10.1,10.7,10.55,6.33,11.15,13.11,9.95,24.12,,16.13,,8.74,15.07,7.08,9.65,14.92,6.33,,12.96,12.21,14.17,13.87,6.48,12.51,15.53,17.94,17.94,,11.61,14.02,37.38,11.31,,,,13.11,8.44,8.74,,14.77,,8.14,10.1,11.76,18.24,,8.59,10.1,9.5,9.04,6.48,12.96,7.39,15.22,8.89,11.46,14.92,8.74,,,6.18,,,0.0
Vermont,2020-07-06,14.43,8.46,,10.64,,8.75,6.12,15.45,10.64,8.89,14.43,12.54,13.41,6.85,18.37,9.77,13.12,13.56,12.98,12.25,6.27,6.71,11.81,,8.6,16.48,12.98,15.02,11.96,17.64,11.96,5.98,13.41,12.39,13.41,21.0,12.25,11.37,14.72,8.89,11.52,14.58,18.81,16.77,14.72,8.75,,11.37,10.94,10.94,7.87,7.73,10.64,13.85,11.37,14.14,10.94,13.27,18.37,,14.43,,10.64,19.1,8.31,15.31,13.41,10.5,6.27,11.96,9.91,10.21,13.56,14.43,10.64,21.72,15.75,16.18,,14.14,18.95,43.74,11.96,,,6.85,11.96,9.77,,,16.62,,11.23,15.31,12.1,10.35,9.04,10.94,11.66,12.83,6.42,,13.41,10.35,10.5,16.77,9.62,12.39,8.75,5.83,,8.46,,,0.0
Vermont,2020-07-13,8.87,6.21,8.28,10.06,7.69,9.61,,12.42,18.34,7.99,17.6,17.6,11.24,7.1,16.86,11.24,12.28,12.28,11.54,11.39,7.84,10.06,8.72,10.8,12.57,13.01,13.16,10.5,13.75,20.41,12.13,,9.61,14.64,12.13,18.78,10.06,8.87,15.68,12.57,15.82,16.42,13.61,20.26,16.86,7.1,,10.5,13.75,10.94,11.39,8.58,11.68,21.44,,10.5,8.87,9.61,13.16,,15.23,,11.54,15.68,10.8,7.1,9.17,9.32,7.54,12.87,26.18,,16.27,15.09,9.46,16.56,18.63,16.86,,12.72,11.98,24.11,10.65,,,7.84,13.31,7.69,7.1,8.13,12.57,,6.21,13.9,10.65,12.13,6.21,9.61,17.01,12.57,,7.1,12.57,7.69,14.35,20.11,7.69,11.24,9.17,10.2,,9.46,,,0.0
Vermont,2020-07-20,16.32,6.68,,11.13,8.31,11.43,,12.76,11.28,8.61,20.18,10.83,12.91,,14.69,16.62,12.76,15.29,9.2,5.94,,10.09,7.27,8.61,10.24,16.77,9.65,11.87,12.47,19.59,19.0,7.27,12.91,17.07,12.91,13.95,15.43,10.98,12.61,12.17,13.36,17.51,13.51,11.58,13.65,6.53,6.23,9.94,11.72,10.39,11.72,10.09,6.97,14.54,7.72,9.5,14.84,9.5,19.89,,12.91,,9.05,19.0,9.2,15.73,9.79,7.72,7.12,16.18,14.99,13.65,15.14,11.72,11.28,18.4,15.58,18.25,,12.61,14.1,30.13,11.87,,,,10.09,10.39,8.31,,16.77,,10.09,11.28,12.61,8.31,7.42,10.09,17.07,10.39,,,15.58,10.83,11.72,14.54,10.69,9.94,10.98,10.39,,8.61,,,0.0
Vermont,2020-07-27,11.04,6.92,7.5,11.62,6.18,6.92,,11.62,11.62,10.45,17.8,13.98,7.65,5.89,10.3,9.56,12.8,11.04,12.21,12.65,6.18,8.54,13.98,10.3,9.71,14.27,13.83,11.62,13.24,17.07,17.66,10.01,13.1,15.6,14.71,19.28,13.24,12.8,15.89,15.3,16.48,13.39,13.1,17.95,16.33,6.62,6.03,9.12,12.36,15.45,10.15,14.71,8.54,14.42,,11.18,13.1,11.48,18.69,,15.16,6.77,12.8,18.1,10.3,12.36,12.95,,9.56,15.6,18.1,11.48,10.01,13.54,12.51,15.89,18.54,20.75,,11.18,20.16,25.16,9.12,,,6.18,14.57,9.71,,8.83,16.48,,,13.54,13.39,11.77,10.89,7.21,12.07,7.5,,,14.42,11.18,12.51,15.74,8.83,9.27,6.92,6.03,,10.15,,,0.0
Vermont,2020-08-03,11.17,9.26,7.49,11.02,9.4,6.46,,7.05,9.84,13.96,13.08,10.58,10.58,,17.04,11.75,13.96,14.54,9.55,11.31,,7.64,11.61,11.75,9.11,13.37,14.25,13.22,9.99,19.83,15.13,9.7,13.81,15.72,8.52,18.51,8.67,15.43,22.33,11.02,17.04,13.52,9.4,15.72,15.13,7.93,8.08,10.58,9.55,13.08,9.55,7.64,10.43,12.34,9.4,10.58,17.92,12.19,18.07,,13.08,7.05,11.46,18.51,7.35,13.08,12.05,8.37,7.64,12.93,18.51,13.52,18.81,11.17,9.84,16.01,19.1,18.22,,11.17,16.01,15.28,11.17,,,6.17,8.08,11.17,9.84,8.96,14.69,,6.32,13.52,10.43,8.52,7.79,9.55,13.66,10.87,7.35,,12.49,9.99,13.81,17.04,9.11,12.05,13.81,7.49,,10.72,,,0.0
Vermont,2020-08-10,11.37,7.83,6.94,12.85,7.38,7.38,,12.11,14.03,7.53,18.17,12.11,12.55,,15.66,16.1,12.55,11.08,7.38,14.03,,8.86,11.52,7.98,13.88,13.44,7.24,10.04,10.49,21.71,14.77,7.38,21.12,13.44,13.74,14.18,12.11,10.78,16.99,12.11,13.88,15.95,19.5,17.87,14.47,7.09,,12.85,10.78,11.82,11.37,10.93,10.04,16.39,10.04,11.96,,13.15,16.39,,11.82,10.04,13.88,13.59,11.82,12.85,12.55,10.04,6.5,13.74,15.36,11.08,14.47,10.34,8.12,15.51,17.87,17.58,,10.19,14.92,20.97,11.67,,,8.42,10.93,11.08,9.16,16.84,16.25,,9.75,10.93,11.52,12.26,7.24,6.2,13.74,10.63,,,18.17,6.79,12.41,13.44,6.5,11.52,11.67,9.31,,11.67,,,0.0
Vermont,2020-08-17,11.68,9.2,7.3,12.56,10.37,10.8,,9.64,8.03,10.51,18.54,9.34,10.95,,15.33,20.59,14.46,14.75,10.07,13.14,,11.39,18.84,,12.12,13.43,14.89,11.24,10.07,16.94,13.29,6.72,12.99,15.19,11.24,14.75,12.56,14.46,16.5,11.68,9.05,13.58,13.14,20.59,13.29,,7.01,9.2,14.75,11.24,10.8,9.64,13.87,16.06,8.03,9.93,18.69,9.78,15.77,,17.08,5.99,12.56,15.33,11.1,12.41,10.37,9.34,10.66,13.87,16.5,10.07,14.89,10.95,11.68,17.96,20.59,13.72,,9.2,6.42,13.29,16.21,,,,10.22,10.8,6.86,7.59,16.5,,10.37,13.29,16.35,11.53,,10.51,14.6,12.56,8.76,,15.33,,10.51,15.48,8.18,9.05,11.24,7.59,,,,,0.0
Vermont,2020-08-24,9.65,7.09,5.96,12.91,8.23,5.96,,11.92,10.5,8.09,14.47,13.9,14.04,7.24,15.61,14.75,11.63,16.74,13.05,8.8,7.52,9.79,9.36,7.09,10.36,14.33,12.77,9.93,12.2,18.73,14.19,11.63,11.63,14.04,14.47,16.03,12.06,12.91,14.9,14.61,10.36,14.33,11.21,17.31,12.77,7.8,,11.78,10.64,9.65,10.92,7.66,12.06,17.45,9.79,9.93,11.92,7.24,15.61,,17.88,,11.35,17.31,10.64,13.34,14.9,,9.36,16.6,14.19,9.93,14.9,12.48,11.07,19.58,23.69,15.18,,11.92,13.05,6.53,10.07,,,,14.33,11.49,8.09,10.64,12.06,,7.38,12.91,12.34,19.29,6.95,7.95,10.21,10.64,8.09,7.24,13.34,9.08,12.48,15.46,12.77,11.35,13.62,9.65,,6.67,,,0.0
Vermont,2020-08-31,18.44,6.53,,13.9,,9.36,,15.6,11.77,11.92,19.29,8.65,9.65,5.96,15.18,14.47,15.18,16.45,16.17,14.47,6.81,13.48,11.77,6.81,13.76,15.89,11.49,9.93,11.92,20.57,13.33,10.21,13.76,13.9,10.78,18.16,8.23,14.89,15.46,8.79,11.92,15.6,12.62,17.87,12.62,6.1,9.08,8.09,11.06,14.47,12.2,7.94,10.92,11.77,10.07,11.77,12.2,9.65,15.04,,18.3,8.79,17.16,15.18,9.65,13.62,15.46,9.79,10.21,13.48,16.88,9.93,11.06,12.34,10.78,15.46,21.14,17.31,,10.92,9.79,7.09,9.93,,,6.67,12.06,11.77,,6.24,12.77,,7.66,15.32,10.64,18.16,,5.67,13.19,12.77,7.52,6.38,16.17,9.36,17.73,13.9,8.94,11.21,11.06,9.65,,,,,0.0
Vermont,2020-09-07,5.83,10.96,6.38,9.71,8.46,9.43,,14.84,12.2,9.71,19.14,10.82,15.26,7.49,17.06,9.43,11.79,14.98,16.64,14.01,7.91,10.68,8.18,9.29,13.45,16.09,12.07,12.9,12.07,21.64,12.76,6.24,11.37,15.39,11.23,16.78,11.65,12.48,11.51,12.2,10.68,14.29,16.5,16.92,23.85,23.71,8.18,8.32,13.73,13.87,12.34,9.98,,15.12,9.85,12.9,14.98,10.54,16.92,,11.37,,12.48,16.36,12.48,22.88,15.39,9.43,10.68,13.73,14.98,11.51,14.42,12.62,7.07,17.75,24.69,15.81,,15.12,13.45,6.24,11.51,,,6.66,12.34,11.79,6.24,7.49,12.9,,5.55,10.96,11.37,14.01,5.96,12.48,13.73,11.1,11.1,6.24,17.2,8.88,8.6,16.36,14.42,13.04,12.07,8.18,,9.85,,,0.0
Vermont,2020-09-14,12.64,,7.55,13.19,9.2,8.65,,21.15,13.05,9.89,16.48,12.22,10.85,6.04,17.72,12.36,15.25,11.68,16.48,10.99,,10.85,12.64,11.81,13.32,16.21,11.54,8.93,10.16,16.89,18.41,6.04,14.15,10.3,8.93,17.58,10.71,12.91,12.77,9.06,7.97,11.54,17.17,16.07,24.17,10.58,6.32,8.93,9.62,14.56,8.65,8.65,13.32,16.48,7.42,10.16,14.56,5.77,18.95,,13.46,,16.89,17.17,8.79,16.76,16.76,8.65,5.91,11.4,14.7,12.5,16.34,16.62,8.65,21.29,20.47,15.11,,9.75,19.09,,14.29,,,,14.7,12.09,7.28,7.55,12.5,,6.59,10.58,15.11,15.11,9.34,12.91,9.62,13.46,14.97,7.83,17.17,11.68,11.68,13.73,7.42,14.83,11.54,9.2,,6.59,,,0.0
Vermont,2020-09-21,14.5,8.89,,16.42,8.48,6.84,,12.72,17.51,9.71,16.28,12.31,12.04,,14.78,18.61,10.4,13.82,14.91,11.63,9.99,8.89,16.42,,14.78,19.7,12.86,11.22,11.9,18.33,13.41,6.84,10.54,15.6,11.9,18.61,10.4,12.86,13.82,12.45,11.77,14.78,13.13,16.14,21.07,12.45,7.8,10.54,13.54,12.72,19.84,7.8,13.0,15.73,8.07,9.03,14.37,12.31,16.28,,13.96,6.16,14.64,16.97,7.94,17.79,18.74,8.89,9.85,14.5,18.2,9.71,15.32,15.46,10.26,21.21,15.87,11.49,,16.42,11.63,,10.4,,,5.75,11.77,15.73,10.54,10.12,11.63,,7.94,9.71,16.14,13.41,7.25,11.08,14.5,16.69,13.96,7.94,9.58,12.59,12.18,15.05,10.4,12.59,9.99,7.8,,14.09,,,0.0
Vermont,2020-09-28,36.58,6.92,,20.48,10.64,13.3,5.32,11.44,11.04,10.91,13.97,9.04,10.24,,15.16,14.1,15.16,13.3,17.42,9.18,12.1,10.64,17.29,9.18,17.56,14.1,15.3,12.9,9.18,17.82,12.1,6.92,13.3,15.96,10.91,15.56,10.91,13.97,11.71,7.18,14.9,13.7,18.22,15.43,18.89,5.59,5.45,9.58,11.04,15.56,16.76,9.31,9.58,16.36,8.65,11.44,15.7,11.97,19.15,,19.55,8.65,9.44,17.16,9.98,14.63,15.7,10.24,12.24,14.23,15.83,9.98,12.37,11.84,8.51,19.29,17.29,16.89,,13.83,12.9,,10.24,,,6.78,11.57,7.71,14.37,7.58,15.16,,7.45,14.5,13.43,10.51,6.38,15.96,17.96,11.71,11.04,9.31,15.03,8.91,11.31,20.48,7.85,12.64,11.31,9.44,,8.25,7.71,,0.0
Wyoming,2020-03-09,3.71,,,3.94,,,3.37,2.91,2.85,,3.25,3.99,2.51,,,4.28,5.36,7.53,3.77,,3.19,2.91,16.83,4.05,,24.02,2.45,,2.97,6.33,4.51,3.37,3.02,3.48,2.4,4.28,,3.99,,3.42,2.97,3.31,5.65,4.22,5.19,3.48,4.22,3.08,2.28,3.25,2.97,2.45,2.85,4.28,2.91,3.37,3.82,4.22,3.88,5.13,,5.82,4.45,4.11,3.08,4.62,3.02,,2.28,3.88,6.22,,3.82,4.51,4.96,3.71,4.34,4.17,5.08,2.62,3.19,,2.91,4.79,5.82,,3.94,,4.34,,4.05,3.02,3.31,4.96,2.74,2.8,3.77,,4.79,9.07,3.77,2.91,4.96,4.34,3.54,3.77,2.85,14.55,3.19,,4.57,2.34,8.79,3.71,0.0
Wyoming,2020-03-16,2.94,,,,,3.41,3.52,4.17,2.47,,,3.41,2.53,3.7,3.35,2.64,4.76,8.4,,,4.35,,20.15,,2.64,56.21,,2.94,3.05,5.11,3.29,3.0,3.52,3.17,,3.52,2.82,,3.41,3.64,4.17,5.34,2.7,3.29,3.58,2.82,3.0,,3.58,4.23,2.53,,2.88,,3.47,4.88,,6.87,2.53,5.99,,4.29,3.23,3.7,3.05,3.99,4.11,,4.05,4.7,4.05,2.94,3.35,2.64,3.64,3.7,2.88,4.64,4.93,,,,,3.0,6.05,,,,3.0,,2.88,4.76,3.17,3.17,,,5.05,,5.93,9.34,2.76,4.17,3.88,5.17,3.76,2.76,3.35,26.32,2.47,,,,9.57,4.93,0.0
Wyoming,2020-03-23,,5.03,2.43,5.14,,13.05,,3.28,5.03,2.6,3.22,3.28,2.71,3.79,3.11,3.0,4.52,5.71,,,3.16,2.54,15.48,2.54,2.6,95.27,,5.31,3.79,7.86,2.94,3.56,2.71,5.99,2.83,5.2,,2.66,2.54,2.43,3.28,3.84,3.56,3.84,3.16,8.65,4.01,,4.12,2.6,2.66,2.37,3.45,3.28,,3.0,2.32,6.1,3.28,5.03,,3.05,5.88,4.41,3.45,,2.88,,4.29,3.22,3.79,4.46,2.83,2.66,3.67,,3.45,2.6,3.62,3.0,2.66,,2.43,3.62,3.96,,3.11,,,3.28,4.12,4.86,3.73,4.29,3.79,2.88,4.63,,3.84,5.37,2.77,3.22,,3.39,2.77,3.67,3.33,12.49,4.35,,2.88,,8.31,3.73,0.0
Wyoming,2020-03-30,3.07,5.1,2.74,4.17,,16.67,2.25,3.23,,,2.85,5.65,3.29,,3.56,3.84,3.51,4.11,4.17,,2.19,2.3,8.22,2.58,,100.0,,4.71,2.69,3.67,3.56,4.17,2.63,5.54,2.8,3.73,3.95,3.34,4.44,3.67,3.02,2.8,4.17,2.8,3.67,,4.39,2.3,2.63,3.23,3.02,4.55,3.02,,2.41,4.22,3.62,4.11,3.12,5.37,3.73,3.18,4.99,3.73,2.69,2.58,3.12,,,3.45,4.55,3.56,2.91,,4.11,3.29,3.84,3.62,3.84,2.96,2.85,,,3.62,3.18,2.91,3.23,,2.58,,2.63,3.95,2.47,4.28,2.25,3.84,3.45,,3.78,6.96,,3.34,3.78,3.67,2.8,3.4,4.88,7.51,3.02,,3.62,,5.43,5.15,15.0
Wyoming,2020-04-06,2.73,,,2.73,,4.37,,3.82,4.53,,3.28,4.64,4.37,3.44,3.88,4.42,3.49,5.19,5.13,3.22,,2.57,5.46,2.46,,64.75,,3.99,2.78,4.48,3.55,,3.11,3.28,2.84,3.11,3.38,3.66,4.09,2.89,3.93,4.26,3.22,3.0,4.09,3.06,,3.38,2.24,3.0,2.51,2.78,2.24,,,3.44,3.06,3.93,2.24,3.66,3.28,,5.13,3.71,2.95,2.24,2.95,2.18,,2.89,3.55,4.09,3.44,2.73,3.6,3.17,2.57,3.11,3.49,3.38,3.22,,,2.18,4.97,,4.91,,2.73,,2.95,3.66,3.11,3.77,3.22,2.67,2.95,2.67,3.82,4.86,2.89,2.4,2.84,2.24,3.93,,3.06,6.61,,,2.57,2.62,,8.13,8.0
Wyoming,2020-04-13,4.49,2.33,2.38,3.38,,3.22,,5.28,2.69,,5.28,4.07,4.86,,4.65,3.12,4.38,3.49,3.75,2.22,,3.22,3.33,2.54,2.69,43.64,2.17,3.75,3.43,6.23,3.7,2.91,4.28,4.6,2.8,4.6,2.43,3.7,4.23,2.64,4.07,3.8,5.02,2.8,2.33,4.23,3.28,3.22,2.69,3.91,4.07,3.12,3.8,3.06,2.38,3.01,2.48,3.7,3.75,4.91,2.75,2.59,4.17,6.08,2.8,2.8,3.65,,2.54,3.33,3.33,2.17,5.23,2.75,4.17,4.49,,2.43,4.12,3.54,2.48,,3.43,4.01,4.38,2.59,2.54,,2.91,3.17,3.49,4.44,2.48,3.86,2.85,3.28,,2.48,4.6,4.44,2.54,,2.91,3.49,3.22,2.96,4.28,5.49,3.01,,4.07,,4.01,2.17,17.0
Wyoming,2020-04-20,3.45,,,4.28,,3.29,,3.73,3.34,,3.07,4.38,3.78,,4.88,3.18,4.66,2.58,3.84,,4.93,2.3,3.12,2.3,2.19,37.11,,3.62,2.52,5.37,3.56,,3.18,4.38,2.96,4.38,3.73,2.74,3.84,2.96,3.34,3.67,2.9,3.18,2.3,5.48,,,2.58,3.62,3.18,2.96,2.69,3.23,,3.73,4.66,2.74,3.95,4.71,4.17,2.41,4.06,3.67,3.34,,5.15,,2.96,2.52,3.34,4.38,3.78,,4.5,2.69,4.33,4.22,4.93,2.36,3.89,3.02,3.23,4.0,6.19,,4.06,3.07,3.18,3.02,3.12,4.93,,4.38,2.19,2.85,2.19,2.58,4.28,4.06,3.4,2.36,4.66,3.89,3.4,2.41,3.18,3.89,3.4,2.63,4.99,2.36,,5.43,10.0
Wyoming,2020-04-27,,4.36,,3.58,,2.85,,4.58,3.52,,3.63,4.7,3.24,,3.24,3.3,6.26,2.91,4.19,,,,,3.41,3.41,34.49,3.41,2.68,,5.81,4.3,2.85,2.29,5.09,2.74,4.19,5.7,2.91,4.53,4.14,3.58,3.86,,2.29,2.91,2.85,,,2.52,2.24,4.98,2.63,2.35,3.35,,3.3,4.92,2.57,3.58,4.75,3.35,,4.86,4.03,3.35,2.91,4.14,,5.03,2.57,4.08,2.29,4.75,4.3,2.57,5.37,4.25,3.8,4.81,,4.64,5.59,3.19,3.3,4.3,,4.25,2.35,2.74,,3.35,4.25,2.79,4.86,2.74,3.02,2.68,2.79,3.47,,,,3.02,4.25,4.81,3.75,3.41,3.35,3.47,2.52,5.31,,,4.08,4.0
Wyoming,2020-05-04,2.88,,,2.32,3.45,5.42,,3.17,3.17,2.83,3.39,6.1,3.17,,5.42,2.88,3.9,3.56,3.28,,2.54,3.79,,2.54,3.28,26.9,2.6,2.83,2.94,5.54,4.86,3.39,2.88,3.39,2.6,3.28,3.62,3.5,5.42,2.94,3.39,3.33,3.96,4.12,3.62,3.33,2.49,2.43,3.33,4.18,2.26,4.41,2.88,2.94,3.28,2.94,3.73,3.0,3.96,3.56,3.05,,4.12,3.56,3.22,,4.35,,,3.45,4.41,3.22,3.79,4.29,4.52,3.33,5.31,4.63,5.42,,2.66,3.67,,4.01,5.2,,3.28,,,,3.5,3.96,2.6,5.14,3.45,2.71,,5.25,2.83,4.01,,,3.79,3.28,3.9,4.24,3.96,3.33,3.84,,4.86,,,3.9,6.0
Wyoming,2020-05-11,3.93,,,,,2.56,,,2.9,2.85,4.15,3.47,,,4.21,2.33,7.06,2.9,4.33,,,2.45,2.28,3.47,,25.95,,3.76,,5.41,4.04,,3.64,4.15,3.19,3.58,3.81,3.64,5.06,5.63,3.24,4.67,5.18,4.33,3.98,3.13,2.39,2.28,3.93,3.58,3.64,6.37,4.04,,,2.85,3.87,2.45,4.15,5.24,3.81,,3.19,3.24,3.24,3.41,3.7,,3.58,2.62,,3.02,4.1,3.07,3.81,4.67,4.44,3.87,7.06,3.19,3.13,2.62,,4.89,10.07,,2.79,,2.62,,3.98,5.75,,4.61,2.79,3.7,,2.62,4.67,3.19,2.79,,3.81,2.9,2.9,3.64,3.64,3.13,3.64,,4.84,2.73,,3.76,5.0
Wyoming,2020-05-18,3.42,,2.77,3.18,,3.36,,,2.47,,3.65,3.95,,,5.12,,6.6,3.18,4.18,2.65,,,,,2.47,25.62,,4.83,5.65,4.95,4.83,2.89,3.24,3.53,5.12,3.95,2.77,3.24,3.77,2.36,2.53,5.3,3.95,4.06,5.36,,,,2.53,2.47,4.0,6.48,3.06,,2.53,2.94,2.47,3.06,2.53,5.36,2.83,,2.42,4.0,2.77,,2.77,,3.36,,3.3,2.59,,3.65,3.36,3.24,4.65,3.95,4.71,2.83,3.18,7.13,2.71,3.77,5.12,,2.83,,,3.24,,4.18,,4.36,3.95,5.36,,,4.06,,,,,3.18,3.65,4.71,2.42,3.83,4.24,,5.83,2.77,,4.36,5.0
Wyoming,2020-05-25,3.27,,2.91,2.79,,,,6.0,,,3.39,4.06,3.45,,4.48,3.7,5.82,4.0,2.91,,,,2.48,,,22.17,2.42,2.73,4.06,6.42,4.72,2.42,2.97,3.21,5.45,3.82,2.48,3.7,4.91,3.15,,4.0,4.97,3.09,4.67,,,2.6,2.54,4.06,4.79,2.54,2.42,3.39,3.21,,3.33,,,4.54,3.15,,4.54,3.57,3.57,,,,,3.82,,,3.88,3.21,3.45,4.54,4.42,3.21,4.18,4.67,4.36,12.6,3.51,4.12,3.7,,3.45,2.67,,,3.7,,3.03,4.12,,3.57,,,4.3,3.21,,,2.85,2.67,4.48,2.85,3.57,2.67,4.12,,4.3,,,4.54,8.0
Wyoming,2020-06-01,,2.99,3.7,,,,,22.76,3.35,2.63,3.94,3.58,3.4,3.17,2.75,3.17,6.63,2.45,6.03,,2.57,2.93,,,,17.32,2.63,3.52,4.72,3.94,3.82,2.51,,2.63,4.78,2.99,3.23,2.57,4.18,,3.35,3.94,4.96,3.94,2.93,,,3.4,2.75,3.35,2.87,,3.7,2.51,,,3.11,,4.42,3.82,4.66,,4.72,3.05,3.11,2.81,3.29,,2.57,3.7,,3.05,4.84,3.29,2.75,3.46,4.72,5.2,3.94,,4.12,10.75,2.45,3.05,6.51,,,2.45,,2.45,4.78,5.67,3.23,5.38,3.17,3.05,,3.76,4.06,2.93,,,3.76,,3.23,5.67,3.17,,,2.57,3.46,2.45,,5.38,7.0
Wyoming,2020-06-08,5.56,,3.4,,,,,7.05,2.75,,4.72,3.58,3.23,,4.54,2.57,4.84,2.51,4.24,,,2.39,,3.11,,19.89,2.63,4.36,3.94,6.69,4.06,2.87,2.45,6.51,3.29,3.11,3.7,4.66,5.62,3.29,2.51,4.78,2.93,3.11,4.72,,,,2.99,2.81,3.4,2.99,2.87,5.38,2.69,2.63,,,2.75,4.36,5.2,,5.97,4.36,3.64,,3.23,2.45,2.57,4.0,3.58,3.64,3.58,3.17,4.6,4.42,4.06,3.58,3.52,3.4,3.7,7.59,2.39,4.36,4.48,,2.93,3.23,,3.46,5.62,4.78,,4.06,,2.63,,3.7,3.7,,2.51,,3.52,,2.93,5.14,3.64,2.51,,,3.52,,,3.94,5.0
Wyoming,2020-06-15,4.57,,2.85,3.44,2.73,2.38,,6.47,3.27,,3.03,3.86,4.93,,2.79,,6.12,2.79,3.92,,,2.91,,3.62,2.43,19.59,,2.55,5.64,5.76,3.15,2.38,3.74,3.74,4.33,5.17,2.38,3.92,5.4,3.74,3.15,6.65,3.68,5.34,5.28,,,2.43,2.91,2.91,3.68,2.61,4.93,4.1,2.55,3.15,3.74,3.27,3.8,5.34,4.51,,6.71,4.99,2.73,4.99,3.5,,3.92,3.15,3.15,,3.98,,4.1,4.69,6.12,4.99,5.4,2.61,2.38,8.25,3.92,5.05,5.7,,2.67,,,2.73,3.92,3.62,2.55,5.64,,,,2.43,5.52,3.27,,,5.05,,2.91,3.74,2.67,2.67,3.56,,4.04,,,4.16,3.0
Wyoming,2020-06-22,4.64,4.11,3.64,3.99,,2.58,,,2.52,3.05,4.29,4.34,,,3.87,3.17,4.52,,3.76,,2.64,2.64,2.88,,,21.95,,4.23,3.76,4.05,4.7,,2.7,4.99,3.46,5.81,2.7,3.29,4.52,4.17,2.35,5.05,4.4,3.17,2.99,,,,3.23,3.58,2.88,2.76,3.93,3.82,2.76,2.7,4.64,2.58,3.52,5.64,,,4.99,3.23,2.47,3.58,4.7,2.88,,3.4,4.29,3.82,3.46,3.11,3.4,5.11,6.46,,2.88,3.23,3.46,10.21,3.64,4.34,6.34,,2.82,2.58,,,3.99,4.99,,3.52,,2.41,,,4.46,2.99,,,3.76,2.82,3.7,4.46,,2.47,3.64,,4.17,3.11,,3.99,7.0
Wyoming,2020-06-29,2.76,2.64,,2.76,,3.12,,4.5,,2.52,3.42,5.41,4.62,4.02,4.44,3.66,3.48,,4.08,3.12,,,3.12,2.7,,22.58,,3.96,3.48,3.72,3.9,3.66,2.88,3.06,4.38,4.32,3.84,2.94,4.98,2.94,,2.76,4.38,,3.66,,2.88,,2.52,2.46,3.66,3.54,3.18,3.66,,2.7,3.0,,2.58,4.02,2.52,,4.02,4.92,3.24,3.36,3.54,,2.64,2.58,4.02,,3.3,3.6,2.58,4.92,4.8,3.24,4.56,3.24,4.08,7.27,3.84,4.92,4.62,,4.62,2.7,2.7,,3.72,4.62,2.58,4.02,2.46,4.68,,2.64,4.2,3.66,,,3.72,,3.9,,2.82,3.3,4.26,,4.38,,,3.96,12.0
Wyoming,2020-07-06,5.4,3.28,2.87,4.94,,3.79,,3.79,2.76,2.53,3.68,4.2,2.53,,3.79,2.76,3.22,4.71,3.85,4.08,,2.59,2.99,,,22.3,3.39,3.79,4.48,5.81,3.39,3.56,4.6,3.22,5.4,5.4,2.76,3.05,4.14,3.22,2.99,4.48,5.29,4.48,4.2,2.3,,,2.64,2.59,,3.1,5.23,3.97,,3.62,3.33,4.08,3.74,5.52,4.31,,2.82,4.14,3.56,4.08,2.76,,,3.39,,4.2,3.68,2.3,3.51,5.12,4.14,4.48,4.48,2.64,4.25,12.36,3.1,3.56,6.04,,3.16,2.59,,,4.48,4.08,3.97,4.48,2.93,2.64,,,3.74,4.54,,,3.85,,,3.45,,,2.87,2.59,5.23,2.87,,4.25,7.0
Wyoming,2020-07-13,3.94,3.25,2.28,2.4,,3.43,,3.6,2.97,2.86,5.03,2.63,3.14,,3.88,2.4,3.31,3.77,4.17,2.63,,,3.88,3.03,3.03,24.84,2.4,3.14,3.54,6.91,3.71,2.63,4.51,4.17,3.54,2.46,3.08,3.65,4.8,2.63,3.6,4.4,5.42,4.11,4.51,,,2.51,2.74,3.14,3.37,5.71,4.17,4.0,2.63,3.37,4.0,3.77,3.65,5.37,4.0,,5.25,4.28,3.31,2.97,,,2.63,3.37,5.08,,3.14,4.57,4.0,4.68,4.91,3.14,4.34,2.28,2.97,9.25,,4.23,5.65,,3.14,2.63,2.28,,3.54,4.97,,5.2,,,,5.14,3.48,3.08,,,4.57,3.2,2.57,3.43,2.97,4.68,2.68,,5.71,2.97,,5.31,5.0
Wyoming,2020-07-20,3.67,,,3.21,,3.84,,4.18,2.41,2.87,4.3,3.61,3.55,,2.41,3.21,4.76,2.98,2.98,,,3.44,3.15,,2.35,18.97,,4.53,3.55,5.9,3.78,,,4.3,2.58,4.07,2.52,3.5,4.13,4.01,2.69,4.07,4.18,3.55,4.64,,,,3.32,2.46,3.04,3.32,,3.55,3.67,2.81,3.73,,4.58,5.84,4.24,,4.24,4.7,3.15,,2.69,,3.1,3.9,2.52,3.55,3.73,3.15,2.58,4.53,3.95,3.73,6.3,2.81,3.61,7.74,3.95,4.18,3.73,,3.38,2.64,2.98,,4.3,4.64,,4.41,2.81,,,,3.5,3.78,,,3.67,,3.61,5.73,2.81,3.04,3.21,,3.78,2.35,,3.84,19.0
Wyoming,2020-07-27,3.44,2.75,,3.38,3.21,2.35,,4.24,3.15,,3.96,4.82,5.04,,3.04,2.75,5.45,3.1,2.64,2.41,2.87,2.46,2.92,,,20.46,2.81,4.24,4.13,6.3,3.84,2.69,5.04,3.1,4.24,4.07,4.58,6.08,4.07,4.41,,3.5,3.96,4.53,4.18,,,,3.38,3.44,4.41,3.44,4.93,3.84,2.87,,3.67,3.9,5.79,3.84,3.5,,3.78,6.02,3.73,3.38,3.38,,3.78,4.13,5.9,2.87,3.15,3.1,,3.96,4.7,4.01,3.44,2.46,4.01,6.42,2.41,3.96,7.85,,3.1,,3.04,,4.93,6.13,,3.9,3.15,3.27,,3.21,2.64,,2.29,,2.98,,4.36,4.41,2.75,2.35,3.44,2.41,4.07,,,4.07,15.0
Wyoming,2020-08-03,3.08,3.14,,2.34,,3.94,,,2.51,2.57,4.11,3.6,3.54,,3.77,3.31,4.17,2.34,3.31,,,,4.34,2.91,3.6,18.26,2.8,3.48,4.28,5.02,2.91,,4.11,3.25,3.71,4.22,2.68,3.08,5.59,3.14,2.62,4.34,3.31,3.14,2.97,,,2.68,3.2,2.45,2.74,,3.77,4.17,,,3.02,2.28,4.05,5.42,2.51,,4.17,3.14,3.88,,4.28,,,3.88,2.91,3.48,4.91,3.37,2.85,4.28,4.22,2.28,2.85,2.51,3.37,6.33,2.57,4.96,5.99,,,,2.28,2.97,5.59,5.99,,3.99,,,,4.22,4.34,2.4,,,4.45,,3.65,4.74,2.97,,3.65,2.4,,,,4.11,9.0
Wyoming,2020-08-10,3.19,,,3.99,,,,3.59,2.91,2.34,3.82,3.14,4.22,,5.48,6.39,2.45,2.74,2.74,4.39,,,2.57,,2.45,15.06,3.99,2.57,4.34,6.33,3.88,,4.28,3.77,3.65,4.56,3.25,2.51,5.08,3.31,2.45,3.94,3.59,3.14,3.71,,3.65,2.74,3.14,2.62,2.97,3.65,3.59,4.34,2.4,2.51,2.97,,4.22,4.45,3.59,,5.48,5.02,4.22,,,,3.94,2.4,2.62,2.68,3.77,4.05,5.53,3.77,4.05,3.99,3.48,3.25,4.56,4.45,2.57,4.85,4.96,,3.02,2.91,,2.74,2.79,3.77,2.68,3.99,,3.59,2.97,2.34,2.91,3.14,,,2.74,,3.54,5.13,3.77,,4.74,,4.05,2.57,,,10.0
Wyoming,2020-08-17,5.95,4.1,,2.36,,2.75,,5.17,2.98,2.69,3.88,3.82,5.05,,3.82,2.64,4.04,2.92,2.69,4.66,,2.53,2.3,,2.3,14.54,2.75,3.82,3.03,6.29,5.22,2.25,3.37,3.31,3.93,3.48,3.71,4.1,5.84,2.36,2.75,4.16,3.42,3.76,2.64,,,2.47,2.92,2.92,2.42,3.15,4.21,3.93,,2.69,3.26,,3.2,4.55,2.86,,5.0,3.31,3.54,2.92,3.03,,3.2,3.26,3.54,3.65,3.42,3.71,3.03,5.39,3.48,3.2,,2.64,2.81,4.44,2.58,4.94,6.29,,2.75,,,,,4.94,,3.48,2.53,,,3.03,4.27,2.42,,,3.76,4.16,3.42,3.54,3.71,,3.99,2.42,3.71,,,3.71,14.0
Wyoming,2020-08-24,4.42,3.31,3.42,3.42,,2.65,,3.75,2.93,4.53,5.08,3.04,4.91,2.54,4.8,3.42,3.42,3.7,3.42,3.31,,2.76,,2.93,2.87,17.94,3.37,4.09,3.26,6.24,4.75,2.37,4.42,4.53,,3.81,2.43,4.09,6.24,4.47,2.76,4.69,5.08,5.96,5.69,,,2.54,,4.64,3.92,3.59,3.92,5.63,2.32,,3.04,3.98,3.75,4.2,3.04,,4.09,4.09,3.92,3.15,3.64,2.6,,4.36,3.59,3.48,3.98,3.37,2.93,4.97,4.8,2.93,4.14,2.48,2.32,,2.54,5.91,6.41,2.37,4.31,,3.92,,3.2,4.47,4.14,3.98,,3.87,,2.93,3.92,,,,2.82,,3.98,3.87,2.26,3.98,4.09,,3.64,2.48,,3.87,16.0
Wyoming,2020-08-31,5.03,2.79,,4.19,,,,5.08,3.46,,3.69,3.3,4.25,,2.4,,5.14,2.96,5.36,3.13,2.85,3.02,3.52,3.3,2.68,15.14,2.68,4.08,3.07,3.85,5.03,,2.85,2.9,,4.08,3.07,2.74,5.59,2.68,2.68,4.13,4.13,2.96,4.58,,2.63,2.79,3.69,4.13,3.63,2.74,5.03,4.19,2.23,3.13,5.7,3.18,3.46,5.25,3.63,,5.08,3.74,2.85,3.3,2.96,,2.46,3.8,2.85,3.63,3.69,2.96,3.35,5.03,4.75,3.46,3.02,,3.52,,3.91,4.19,6.03,,3.8,3.02,,2.63,4.92,4.02,,5.98,2.85,3.69,2.9,2.29,3.97,3.02,,,2.85,2.74,3.07,3.07,2.57,2.68,,,5.08,,,3.63,8.0
Wyoming,2020-09-07,3.36,3.25,2.2,,2.25,2.7,,4.02,,2.42,3.91,3.3,3.52,3.36,3.8,3.8,4.73,3.41,4.07,,2.75,2.48,3.47,2.53,2.48,14.85,2.92,4.24,3.47,5.28,3.74,3.74,3.41,4.18,2.48,3.74,,4.18,5.94,3.8,2.59,3.91,3.52,4.4,4.13,2.53,,3.69,3.08,2.75,3.19,3.52,4.4,3.25,2.75,5.34,4.13,2.53,4.84,3.85,3.19,,5.01,3.69,2.2,,3.69,,2.7,3.03,3.36,4.07,5.28,3.52,2.86,3.74,4.29,3.96,4.29,2.42,3.25,,,4.9,6.11,,4.02,,2.48,,2.31,4.02,2.31,5.17,2.86,3.03,2.2,,4.13,3.19,2.37,2.48,5.23,6.38,4.29,2.81,,3.19,3.19,,4.51,,,4.02,4.0
Wyoming,2020-09-14,4.15,4.97,,5.79,,4.59,,4.04,3.71,3.61,4.1,3.33,2.79,,3.66,3.5,3.93,4.54,4.48,2.9,,2.62,3.99,2.9,3.88,15.46,3.17,4.04,3.88,8.2,3.66,2.51,3.88,2.95,3.55,3.61,3.33,4.48,4.97,4.92,3.93,3.28,4.37,3.77,5.79,,2.35,3.0,6.67,,4.48,3.28,,4.42,,3.28,3.77,,4.15,4.21,4.32,2.19,4.32,3.88,3.33,3.66,5.03,,,3.11,2.68,3.28,5.74,4.04,2.46,6.12,4.92,3.22,3.61,3.28,3.22,,2.73,5.08,5.35,2.24,5.41,3.17,,2.46,3.99,4.59,,4.92,3.88,3.11,,2.62,4.48,2.95,3.0,2.57,3.22,,3.93,5.63,3.06,4.59,3.22,2.68,3.88,,,4.37,9.0
Wyoming,2020-09-21,5.64,3.67,,3.77,,5.09,,2.9,5.53,2.74,5.03,4.1,3.23,2.52,4.43,5.09,3.88,2.24,4.32,2.96,2.52,2.68,4.71,3.12,3.06,15.87,3.56,,2.57,6.46,4.6,2.19,2.35,3.67,2.96,3.45,4.16,4.49,6.29,3.17,3.12,5.53,3.39,4.21,5.8,4.38,2.19,2.9,2.52,3.88,3.39,2.35,3.17,3.61,,3.56,3.39,,3.94,5.47,3.5,,4.54,4.76,3.01,2.57,4.38,2.41,2.79,3.83,3.34,3.39,3.83,4.05,3.45,5.53,5.47,2.52,5.47,3.99,,,3.17,3.5,6.57,2.19,3.17,3.17,,,4.43,4.38,2.19,4.6,2.24,3.67,,4.1,3.88,4.71,2.9,2.74,4.32,2.96,3.28,3.72,3.17,3.23,2.9,,5.14,3.23,,4.76,15.0
Wyoming,2020-09-28,9.79,4.54,,2.6,,4.87,,3.21,4.98,2.6,4.09,3.93,3.54,,2.54,3.93,5.64,3.37,4.48,3.26,3.37,,5.03,3.43,3.32,16.76,4.31,4.92,2.77,7.08,4.64,2.93,5.53,3.65,,5.25,3.76,4.48,3.76,3.6,2.38,5.92,5.31,4.54,4.54,2.6,,3.54,2.88,2.71,4.59,2.43,3.37,3.76,,2.88,4.26,,3.87,7.13,3.76,3.82,5.03,3.32,2.82,3.1,4.92,,2.71,,2.21,4.42,3.65,3.76,3.48,6.53,5.36,3.6,3.6,2.71,3.1,,,4.7,7.36,2.32,3.65,2.54,,,3.6,4.59,,6.14,,2.88,,3.48,2.88,3.54,3.32,2.65,4.48,4.26,3.93,4.31,2.54,,3.32,,5.86,3.37,,5.92,19.0
